backbone,seed,variant,parameters,training_accuracy,top1_accuracy,macro_f1,loss
efficientnet_b0,42,visual,12810,0.945,0.86,0.8621164804594607,1.2669765853881836
efficientnet_b0,42,random_codes,655873,1.0,0.93,0.9299498746867167,0.3638491153717041
efficientnet_b0,42,text,655873,1.0,0.91,0.9103483346046275,0.33592953205108644
efficientnet_b0,42,region_only,1068034,1.0,0.9,0.9007155142758858,0.3533847141265869
efficientnet_b0,42,ag_uniform,1068034,1.0,0.9,0.9007155142758858,0.3523989105224609
efficientnet_b0,42,ag_confidence,1068034,1.0,0.9,0.9007155142758858,0.352269344329834
efficientnet_b0,42,ag_shuffled,1068034,1.0,0.9,0.9007155142758858,0.352606029510498
efficientnet_b0,43,visual,12810,0.915,0.89,0.8913759035269333,1.4105573272705079
efficientnet_b0,43,random_codes,655873,1.0,0.93,0.9303827751196172,0.38466634750366213
efficientnet_b0,43,text,655873,1.0,0.93,0.9287050960735173,0.2835200786590576
efficientnet_b0,43,region_only,1068034,1.0,0.92,0.9193734335839601,0.28593101501464846
efficientnet_b0,43,ag_uniform,1068034,1.0,0.92,0.9193734335839601,0.28581202507019043
efficientnet_b0,43,ag_confidence,1068034,1.0,0.92,0.9193734335839601,0.2858318328857422
efficientnet_b0,43,ag_shuffled,1068034,1.0,0.92,0.9193734335839601,0.2857762145996094
efficientnet_b0,44,visual,12810,0.935,0.89,0.891786283891547,1.2702895736694335
efficientnet_b0,44,random_codes,655873,1.0,0.92,0.9210873032383329,0.5605776023864746
efficientnet_b0,44,text,655873,1.0,0.94,0.938661806030227,0.2641038703918457
efficientnet_b0,44,region_only,1068034,1.0,0.94,0.938661806030227,0.26822815895080565
efficientnet_b0,44,ag_uniform,1068034,1.0,0.94,0.938661806030227,0.26813379287719724
efficientnet_b0,44,ag_confidence,1068034,1.0,0.94,0.938661806030227,0.26860360145568846
efficientnet_b0,44,ag_shuffled,1068034,1.0,0.94,0.938661806030227,0.26832587242126466
clip_vit_b32,42,visual,5130,0.95,0.91,0.9079199150709449,1.7049686050415038
clip_vit_b32,42,random_codes,262657,1.0,0.92,0.9212958187921171,0.31172263145446777
clip_vit_b32,42,text,262657,1.0,0.94,0.9412893234403532,0.26138724327087404
clip_vit_b32,42,region_only,674818,1.0,0.94,0.9404799878484089,0.2569840145111084
clip_vit_b32,42,ag_uniform,674818,1.0,0.94,0.9404799878484089,0.2589474296569824
clip_vit_b32,42,ag_confidence,674818,1.0,0.94,0.9404799878484089,0.2607028198242187
clip_vit_b32,42,ag_shuffled,674818,1.0,0.94,0.9404799878484089,0.2634213638305664
clip_vit_b32,43,visual,5130,0.955,0.88,0.8780701754385966,1.7205836486816406
clip_vit_b32,43,random_codes,262657,1.0,0.89,0.8863712311080733,0.5003957939147949
clip_vit_b32,43,text,262657,1.0,0.91,0.9074751272119693,0.33482959747314456
clip_vit_b32,43,region_only,674818,1.0,0.92,0.9187241722845438,0.37736900329589845
clip_vit_b32,43,ag_uniform,674818,1.0,0.92,0.9187241722845438,0.37505433082580564
clip_vit_b32,43,ag_confidence,674818,1.0,0.92,0.9187241722845438,0.374838809967041
clip_vit_b32,43,ag_shuffled,674818,1.0,0.92,0.9187241722845438,0.37507211685180664
clip_vit_b32,44,visual,5130,0.95,0.91,0.9083841851004323,1.826858901977539
clip_vit_b32,44,random_codes,262657,1.0,0.91,0.9111305932816232,0.37814773559570314
clip_vit_b32,44,text,262657,1.0,0.94,0.9399222694417203,0.31581292152404783
clip_vit_b32,44,region_only,674818,1.0,0.94,0.9399222694417203,0.3182606029510498
clip_vit_b32,44,ag_uniform,674818,1.0,0.94,0.9399222694417203,0.32137518882751465
clip_vit_b32,44,ag_confidence,674818,1.0,0.94,0.9399222694417203,0.32153451919555665
clip_vit_b32,44,ag_shuffled,674818,1.0,0.94,0.9399222694417203,0.32070969581604003
