top1_accuracy,macro_f1,loss,top5_accuracy,images,backbone,variant,shots,seed,pilot,comparison_training_seconds,best_epoch,trainable_parameters
0.85,0.8520299145299145,0.34625921249389646,1.0,20,clip_vit_b32,baseline,5,42,True,0.03200000000651926,1,262657
0.85,0.8520299145299145,0.3207112789154053,1.0,20,clip_vit_b32,average,5,42,True,0.031000000002677552,1,1050113
0.85,0.8520299145299145,0.3461470365524292,1.0,20,clip_vit_b32,agclip,5,42,True,0.07799999999406282,1,3151874
0.9,0.8994949494949496,0.2500145435333252,1.0,20,convnext_tiny,baseline,5,42,True,0.031000000002677552,1,393729
0.9,0.8994949494949496,0.21104142665863038,1.0,20,convnext_tiny,average,5,42,True,0.031000000002677552,1,1181185
0.9,0.8994949494949496,0.25004096031188966,1.0,20,convnext_tiny,agclip,5,42,True,0.07799999999406282,1,3282946
0.85,0.8465909090909092,0.5854103088378906,1.0,20,efficientnet_b0,baseline,5,42,True,0.031000000002677552,1,655873
0.9,0.9027777777777778,0.47275400161743164,1.0,20,efficientnet_b0,average,5,42,True,0.046999999991385266,1,1443329
0.85,0.8465909090909092,0.5850439071655273,1.0,20,efficientnet_b0,agclip,5,42,True,0.125,1,3545090
0.8,0.7851648351648353,0.7182640552520752,1.0,20,resnet18,baseline,5,42,True,0.03199999999196734,1,262657
0.8,0.8055555555555555,0.3365424156188965,1.0,20,resnet18,average,5,42,True,0.04700000000593718,3,1050113
0.8,0.7851648351648353,0.717929458618164,1.0,20,resnet18,agclip,5,42,True,0.0629999999946449,1,3151874
0.9,0.8994949494949496,0.43063855171203613,1.0,20,vit_b_16,baseline,5,42,True,0.031000000002677552,1,393729
0.9,0.8994949494949496,0.3835078239440918,1.0,20,vit_b_16,average,5,42,True,0.046999999991385266,2,1181185
0.9,0.8994949494949496,0.430587100982666,1.0,20,vit_b_16,agclip,5,42,True,0.062000000005355105,1,3282946
