seed,variant,best_step,seen,unseen,harmonic,zsl
42,baseline,40,0.9099999999999999,0.945,0.9271698113207546,0.97
42,attributes,40,0.9099999999999999,0.95,0.9295698924731183,0.97
42,caf,0,0.8699999999999999,0.9549999999999998,0.9105205479452053,0.97
42,confidence,20,0.9700000000000001,0.85,0.906043956043956,0.9450000000000001
42,regions,0,0.8699999999999999,0.9549999999999998,0.9105205479452053,0.97
43,baseline,80,0.9099999999999999,0.945,0.9271698113207546,0.975
43,attributes,60,0.9099999999999999,0.9499999999999998,0.9295698924731182,0.9799999999999999
43,caf,60,0.9200000000000002,0.9199999999999999,0.92,0.96
43,confidence,0,0.8699999999999999,0.9549999999999998,0.9105205479452053,0.97
43,regions,0,0.8699999999999999,0.9549999999999998,0.9105205479452053,0.97
