backbone,variant,seed,lr,best_step,first_patch_adapter_gradient_l1,val_top1_accuracy,val_macro_f1,val_loss,val_attribute_map,val_attribute_macro_f1,val_grounding_peak_in_box,val_grounding_attention_mass,val_grounding_uniform_area_reference,train_accuracy,zero_top1_accuracy,zero_flipped_predictions,zero_mean_probability_l1,permuted_top1_accuracy,permuted_flipped_predictions,permuted_mean_probability_l1
clip_b16,attribute_region,42,0.0003,400,27.88981342315674,0.76,0.7596320122945509,0.7828132581710815,0.6550116921768707,0.48368055555555556,0.8333333134651184,0.5878545045852661,0.4003070592880249,0.915,0.735,11,0.03549855574965477,0.755,4,0.02622772753238678
clip_b16,attribute_region,42,0.001,400,27.88981342315674,0.81,0.8077372235906359,0.6006471514701843,0.7623405612244898,0.625297619047619,0.8055555820465088,0.7479040622711182,0.4003070592880249,1.0,0.82,8,0.07407893985509872,0.805,3,0.04248717799782753
clip_b16,attribute_region,43,0.0003,400,16.606173038482666,0.76,0.7459070799528466,0.7795624256134033,0.6593519699546485,0.484375,0.8333333134651184,0.5986886024475098,0.4003070592880249,0.905,0.745,6,0.04607261344790459,0.745,3,0.02563510462641716
clip_b16,attribute_region,43,0.001,400,16.606173038482666,0.815,0.8143677863281781,0.564603009223938,0.7783127834467121,0.6513392857142857,0.8611111044883728,0.7559922337532043,0.4003070592880249,1.0,0.825,11,0.09457390010356903,0.83,5,0.0383194200694561
clip_b16,attribute_region,44,0.0003,300,34.2811222076416,0.76,0.7568741744438338,0.7907483768463135,0.658235898526077,0.48467261904761905,0.8055555820465088,0.5818794965744019,0.4003070592880249,0.9,0.735,9,0.04412306845188141,0.76,7,0.024051250889897346
clip_b16,attribute_region,44,0.001,400,34.2811222076416,0.82,0.8183123858724544,0.5866489171981811,0.7734516723356009,0.6635416666666667,0.8333333134651184,0.7312164306640625,0.4003070592880249,1.0,0.83,6,0.06674505025148392,0.825,5,0.035090457648038864
clip_b16,attribute_supervision,42,0.0003,400,27.88473892211914,0.745,0.7452451092079574,0.7828036141395569,0.7180697278911565,0.518154761904762,0.1666666716337204,0.3284672200679779,0.4003070592880249,0.915,0.725,6,0.035453397780656815,0.735,6,0.03499694913625717
clip_b16,attribute_supervision,42,0.001,400,27.88473892211914,0.8,0.7976210570213801,0.6208882570266724,0.7111004818594104,0.48746184371184376,0.25,0.2940745949745178,0.4003070592880249,1.0,0.795,5,0.07853861153125763,0.805,1,0.0427827313542366
clip_b16,attribute_supervision,43,0.0003,400,16.491400718688965,0.755,0.7422292291994808,0.7795095014572143,0.6929953231292517,0.5138392857142857,0.2777777910232544,0.31550875306129456,0.4003070592880249,0.9,0.73,10,0.04473388195037842,0.73,7,0.03671960532665253
clip_b16,attribute_supervision,43,0.001,400,16.491400718688965,0.84,0.8389773132746615,0.5715287637710571,0.6974100056689343,0.46517857142857144,0.25,0.28821536898612976,0.4003070592880249,1.0,0.82,14,0.11410345137119293,0.84,0,0.03940131887793541
clip_b16,attribute_supervision,44,0.0003,300,33.906867027282715,0.735,0.7325975281243486,0.7936574840545654,0.6607780612244898,0.5711309523809524,0.25,0.3251759707927704,0.4003070592880249,0.9,0.735,11,0.04092634096741676,0.735,6,0.031711675226688385
clip_b16,attribute_supervision,44,0.001,300,33.906867027282715,0.83,0.82661321172359,0.6075198745727539,0.7257830215419501,0.5547619047619048,0.2777777910232544,0.2782544791698456,0.4003070592880249,1.0,0.82,4,0.0642777532339096,0.82,2,0.03548156097531319
clip_b16,baseline,42,0.0003,400,0,0.735,0.7346638092169121,0.7854567623138428,0.6657259778911564,0.3148809523809524,0.3611111044883728,0.3758343458175659,0.4003070592880249,0.91,,,,,,
clip_b16,baseline,42,0.001,400,0,0.805,0.8011456895357825,0.6082293152809143,0.6657259778911564,0.3148809523809524,0.3611111044883728,0.3758343458175659,0.4003070592880249,1.0,,,,,,
clip_b16,baseline,43,0.0003,400,0,0.76,0.7461891312348978,0.7848079633712769,0.6657259778911564,0.3148809523809524,0.3611111044883728,0.3758343458175659,0.4003070592880249,0.9,,,,,,
clip_b16,baseline,43,0.001,300,0,0.82,0.8193677863281781,0.5768253040313721,0.6657259778911564,0.3148809523809524,0.3611111044883728,0.3758343458175659,0.4003070592880249,0.995,,,,,,
clip_b16,baseline,44,0.0003,300,0,0.74,0.7367698514154795,0.7957309103012085,0.6657259778911564,0.3148809523809524,0.3611111044883728,0.3758343458175659,0.4003070592880249,0.89,,,,,,
clip_b16,baseline,44,0.001,300,0,0.83,0.8245662333608224,0.6012002778053284,0.6657259778911564,0.3148809523809524,0.3611111044883728,0.3758343458175659,0.4003070592880249,1.0,,,,,,
clip_b16,capacity_control,42,0.0003,400,1.046124517917633,0.73,0.7280388917927618,0.7627318286895752,0.46322101757369616,0.3282852564102564,0.25,0.34515896439552307,0.4003070592880249,0.93,0.735,25,0.16041412949562073,0.735,1,0.009050301276147366
clip_b16,capacity_control,42,0.001,400,1.046124517917633,0.745,0.741241096165716,0.7218823504447937,0.4656639739229025,0.341231684981685,0.3333333432674408,0.3561587333679199,0.4003070592880249,1.0,0.79,30,0.29364922642707825,0.745,0,0.004094126634299755
clip_b16,capacity_control,43,0.0003,400,1.1045969128608704,0.75,0.7448897266603215,0.7659258317947387,0.49305909863945574,0.4052579365079365,0.5277777910232544,0.466031014919281,0.4003070592880249,0.925,0.74,28,0.22759729623794556,0.745,3,0.011390645056962967
clip_b16,capacity_control,43,0.001,300,1.1045969128608704,0.705,0.7047050099957624,0.7881818103790283,0.4867594954648526,0.2836309523809524,0.5277777910232544,0.3864942789077759,0.4003070592880249,1.0,0.81,42,0.40430015325546265,0.7,1,0.0044024353846907616
clip_b16,capacity_control,44,0.0003,300,0.7361587882041931,0.735,0.730900435854205,0.7703771662712097,0.504827451814059,0.33945360195360197,0.5277777910232544,0.4783286452293396,0.4003070592880249,0.93,0.72,36,0.2244287133216858,0.73,2,0.004264255054295063
clip_b16,capacity_control,44,0.001,200,0.7361587882041931,0.74,0.739080021801384,0.7195291018486023,0.47154195011337874,0.30081168831168825,0.4444444477558136,0.4705786108970642,0.4003070592880249,0.995,0.785,39,0.35140734910964966,0.74,0,0.0025106233078986406
clip_b16,shuffled_supervision,42,0.0003,400,31.945080757141113,0.745,0.742773114342471,0.7774411153793335,0.5252993905895692,0.3506628787878788,0.9166666865348816,0.5610799193382263,0.4003070592880249,0.91,0.735,11,0.045617975294589996,0.765,7,0.027250565588474274
clip_b16,shuffled_supervision,42,0.001,200,31.945080757141113,0.815,0.8121395531376686,0.6211804342269898,0.46122448979591835,0.2879148629148629,0.9166666865348816,0.6491620540618896,0.4003070592880249,0.995,0.8,8,0.07800674438476562,0.8,3,0.03714713454246521
clip_b16,shuffled_supervision,43,0.0003,400,17.67020606994629,0.77,0.7594664898412039,0.7798051500320434,0.43283907312925174,0.36860119047619044,0.6666666865348816,0.51239413022995,0.4003070592880249,0.91,0.74,12,0.050532303750514984,0.755,5,0.022830471396446228
clip_b16,shuffled_supervision,43,0.001,400,17.67020606994629,0.825,0.8236737616827469,0.5778531885147095,0.3991602891156462,0.24404761904761907,0.6666666865348816,0.5626071095466614,0.4003070592880249,0.995,0.81,8,0.08833391964435577,0.825,4,0.025665970519185066
clip_b16,shuffled_supervision,44,0.0003,300,30.045083045959473,0.735,0.7320736327954661,0.7942661070823669,0.5343785430839002,0.3810267857142857,0.9166666865348816,0.5228215456008911,0.4003070592880249,0.9,0.75,4,0.028111038729548454,0.735,2,0.016657497733831406
clip_b16,shuffled_supervision,44,0.001,400,30.045083045959473,0.82,0.8181494786042842,0.5991952729225158,0.43810941043083895,0.3222718253968254,0.8888888955116272,0.6020222902297974,0.4003070592880249,1.0,0.82,2,0.03226340189576149,0.82,2,0.026186369359493256
fgclip_b16,attribute_region,42,0.0003,400,27.06210231781006,0.755,0.7507747588668641,0.7445483183860779,0.7540922619047619,0.6532738095238095,0.9166666865348816,0.7444424629211426,0.4003070592880249,0.9,0.74,8,0.03741731122136116,0.745,5,0.022008292376995087
fgclip_b16,attribute_region,42,0.001,400,27.06210231781006,0.76,0.7569309432970422,0.6094965934753418,0.8637276785714285,0.7206597222222222,0.7777777910232544,0.7839638590812683,0.4003070592880249,0.995,0.755,6,0.043760959059000015,0.75,3,0.026080023497343063
fgclip_b16,attribute_supervision,42,0.0003,300,26.639565467834473,0.76,0.7563784129020956,0.7559763503074646,0.7401041666666666,0.6796626984126984,0.9166666865348816,0.7521939277648926,0.4003070592880249,0.91,0.75,4,0.04209517315030098,0.74,6,0.02304787188768387
fgclip_b16,attribute_supervision,42,0.001,200,26.639565467834473,0.75,0.74604664633612,0.6013479256629943,0.8478422619047619,0.6978174603174603,0.75,0.7899823784828186,0.4003070592880249,0.995,0.76,6,0.05047672241926193,0.765,3,0.025063661858439445
fgclip_b16,baseline,42,0.0003,400,0,0.76,0.7570115406609215,0.7498389339447021,0.7262914540816325,0.25902777777777775,0.9166666865348816,0.5245276093482971,0.4003070592880249,0.895,,,,,,
fgclip_b16,baseline,42,0.001,200,0,0.76,0.754080384527753,0.6029857540130615,0.7262914540816325,0.25902777777777775,0.9166666865348816,0.5245276093482971,0.4003070592880249,0.995,,,,,,
fgclip_b16,capacity_control,42,0.0003,300,0.8504727780818939,0.76,0.7535529237676446,0.7376460886001587,0.5335087159863945,0.4344246031746032,0.6388888955116272,0.5531898140907288,0.4003070592880249,0.9,0.745,23,0.13238613307476044,0.76,0,0.008389214985072613
fgclip_b16,capacity_control,42,0.001,300,0.8504727780818939,0.76,0.7574095445970113,0.6578989505767823,0.4874131944444445,0.31236263736263736,0.75,0.600885272026062,0.4003070592880249,0.995,0.76,26,0.2196531742811203,0.76,0,0.006560175213962793
fgclip_b16,shuffled_supervision,42,0.0003,400,44.81943321228027,0.755,0.7500848489315982,0.748614513874054,0.62999929138322,0.39218749999999997,0.8333333134651184,0.5601502060890198,0.4003070592880249,0.9,0.745,9,0.03044450469315052,0.735,7,0.026688335463404655
fgclip_b16,shuffled_supervision,42,0.001,400,44.81943321228027,0.755,0.752618528272553,0.6113166856765747,0.5306831065759637,0.2985863095238095,0.6944444179534912,0.5771213173866272,0.4003070592880249,0.995,0.755,10,0.05858456715941429,0.755,4,0.027174808084964752
siglip2_b16,attribute_region,42,0.0003,400,84.87580871582031,0.71,0.6943594873457576,1.0187743258476258,0.6259920634920635,0.49642857142857144,0.9166666865348816,0.6332962512969971,0.4003070592880249,0.815,0.7,2,0.018399398773908615,0.72,2,0.012044872157275677
siglip2_b16,attribute_region,42,0.001,200,84.87580871582031,0.81,0.8058737747647428,0.6268595266342163,0.8612599206349206,0.7320970695970695,0.9722222089767456,0.7606843113899231,0.4003070592880249,0.985,0.81,6,0.06221270188689232,0.8,3,0.03342842683196068
siglip2_b16,attribute_region,43,0.0003,400,79.62521362304688,0.7,0.6645933748353319,1.048513617515564,0.5988839285714286,0.5089285714285714,1.0,0.6335232257843018,0.4003070592880249,0.795,0.7,1,0.02460637129843235,0.7,0,0.014257094822824001
siglip2_b16,attribute_region,43,0.001,300,79.62521362304688,0.8,0.7977913224508998,0.5907985019683838,0.8942584325396825,0.7819940476190476,0.9722222089767456,0.7821542024612427,0.4003070592880249,0.995,0.8,2,0.06674911826848984,0.795,1,0.033919498324394226
siglip2_b16,attribute_region,44,0.0003,400,63.51861572265625,0.735,0.7036215972896549,1.025003731250763,0.6422123015873016,0.4845238095238095,0.9722222089767456,0.632184624671936,0.4003070592880249,0.835,0.71,5,0.025923321023583412,0.73,3,0.01528925634920597
siglip2_b16,attribute_region,44,0.001,400,63.51861572265625,0.81,0.8064228637159045,0.5761105608940125,0.9084201388888888,0.7751488095238095,0.9722222089767456,0.7872483730316162,0.4003070592880249,1.0,0.805,3,0.07586399465799332,0.81,3,0.035768065601587296
siglip2_b16,attribute_supervision,42,0.0003,400,84.82699775695801,0.715,0.7000552930415631,1.0207853388786317,0.6133556547619048,0.3661744505494505,0.2777777910232544,0.3818911910057068,0.4003070592880249,0.805,0.705,4,0.017200760543346405,0.72,6,0.019086647778749466
siglip2_b16,attribute_supervision,42,0.001,200,84.82699775695801,0.825,0.8211409534065343,0.6496358704566956,0.6679191468253968,0.4466804029304029,0.3611111044883728,0.4407382309436798,0.4003070592880249,0.99,0.8,8,0.0683286190032959,0.8,7,0.03251630812883377
siglip2_b16,attribute_supervision,43,0.0003,400,79.94279479980469,0.7,0.6650262752682324,1.0523108553886413,0.5746297477324264,0.3438606532356532,0.3055555522441864,0.3657563626766205,0.4003070592880249,0.795,0.7,0,0.023353084921836853,0.7,1,0.018328510224819183
siglip2_b16,attribute_supervision,43,0.001,200,79.94279479980469,0.805,0.8020232791542524,0.6408148336410523,0.6819710175736962,0.5011408730158731,0.3611111044883728,0.4032782316207886,0.4003070592880249,0.985,0.785,5,0.06973884254693985,0.805,0,0.02806594781577587
siglip2_b16,attribute_supervision,44,0.0003,400,63.949947357177734,0.73,0.701427977704731,1.0299535036087035,0.5904035572562358,0.33616071428571426,0.3055555522441864,0.36368104815483093,0.4003070592880249,0.83,0.695,7,0.025379657745361328,0.71,4,0.01971834897994995
siglip2_b16,attribute_supervision,44,0.001,300,63.949947357177734,0.82,0.816167791616708,0.6064154005050659,0.6886674461451247,0.39182900432900436,0.3611111044883728,0.4210449457168579,0.4003070592880249,0.995,0.79,14,0.09562254697084427,0.82,2,0.02797018550336361
siglip2_b16,baseline,42,0.0003,400,0,0.705,0.6893594873457575,1.0274167251586914,0.4472611961451247,0.0,0.3611111044883728,0.38468465209007263,0.4003070592880249,0.81,,,,,,
siglip2_b16,baseline,42,0.001,200,0,0.81,0.8058737747647428,0.6489745473861694,0.4472611961451247,0.0,0.3611111044883728,0.38468465209007263,0.4003070592880249,0.975,,,,,,
siglip2_b16,baseline,43,0.0003,400,0,0.7,0.6650262752682324,1.0569166183471679,0.4472611961451247,0.0,0.3611111044883728,0.38468465209007263,0.4003070592880249,0.795,,,,,,
siglip2_b16,baseline,43,0.001,300,0,0.79,0.7876493082604269,0.6112412548065186,0.4472611961451247,0.0,0.3611111044883728,0.38468465209007263,0.4003070592880249,0.995,,,,,,
siglip2_b16,baseline,44,0.0003,400,0,0.715,0.6844092843702482,1.0346359157562255,0.4472611961451247,0.0,0.3611111044883728,0.38468465209007263,0.4003070592880249,0.83,,,,,,
siglip2_b16,baseline,44,0.001,400,0,0.81,0.8064228637159045,0.59457927942276,0.4472611961451247,0.0,0.3611111044883728,0.38468465209007263,0.4003070592880249,0.995,,,,,,
siglip2_b16,capacity_control,42,0.0003,300,0.7420719861984253,0.69,0.6645219170848463,1.0141804361343383,0.4206349206349206,0.3688762626262626,0.5277777910232544,0.3978723883628845,0.4003070592880249,0.785,0.71,19,0.1381816565990448,0.69,0,0.0012612980790436268
siglip2_b16,capacity_control,42,0.001,400,0.7420719861984253,0.8,0.7954716336295283,0.5739327669143677,0.46173469387755106,0.38618777056277054,0.5,0.4113575220108032,0.4003070592880249,1.0,0.795,12,0.17533531785011292,0.8,0,0.001154155470430851
siglip2_b16,capacity_control,43,0.0003,300,0.3872520178556442,0.685,0.6519949440973468,1.0586505222320557,0.605125070861678,0.37256944444444445,0.2222222238779068,0.32611405849456787,0.4003070592880249,0.77,0.69,19,0.11206299811601639,0.685,0,0.009024100378155708
siglip2_b16,capacity_control,43,0.001,200,0.3872520178556442,0.81,0.8068343240492926,0.6204942679405212,0.5015412414965986,0.3290764790764791,0.4444444477558136,0.41907331347465515,0.4003070592880249,0.98,0.805,18,0.18222159147262573,0.79,13,0.06367316097021103
siglip2_b16,capacity_control,44,0.0003,400,0.3979980796575546,0.715,0.7014575074534356,1.0226013565063476,0.4534970238095238,0.34430916305916304,0.3333333432674408,0.351176917552948,0.4003070592880249,0.85,0.705,25,0.15739959478378296,0.715,0,0.009112329222261906
siglip2_b16,capacity_control,44,0.001,300,0.3979980796575546,0.795,0.792871432963471,0.6915750050544739,0.458062287414966,0.34717261904761904,0.4166666567325592,0.48129796981811523,0.4003070592880249,1.0,0.78,34,0.32077324390411377,0.795,0,0.004645656328648329
siglip2_b16,shuffled_supervision,42,0.0003,300,89.07717514038086,0.7,0.6796946143251166,1.0419011735916137,0.44878649376417235,0.2550595238095238,0.7777777910232544,0.5405530333518982,0.4003070592880249,0.805,0.695,1,0.020472543314099312,0.7,2,0.007764327339828014
siglip2_b16,shuffled_supervision,42,0.001,400,89.07717514038086,0.805,0.80262778157515,0.577964346408844,0.4253224206349206,0.20069444444444445,0.8055555820465088,0.5897705554962158,0.4003070592880249,0.995,0.795,5,0.08230647444725037,0.805,0,0.027050815522670746
siglip2_b16,shuffled_supervision,43,0.0003,400,94.96114349365234,0.7,0.6650262752682324,1.0499921870231628,0.42118055555555556,0.23482142857142857,0.7222222089767456,0.5070335268974304,0.4003070592880249,0.795,0.7,0,0.0205759946256876,0.705,1,0.007948550395667553
siglip2_b16,shuffled_supervision,43,0.001,200,94.96114349365234,0.8,0.7972251012325046,0.6383498954772949,0.36065582482993197,0.27492559523809523,0.75,0.6103968024253845,0.4003070592880249,0.985,0.79,3,0.03810782730579376,0.795,1,0.018124893307685852
siglip2_b16,shuffled_supervision,44,0.0003,400,78.31338882446289,0.725,0.6970647970257609,1.0271956777572633,0.4469033446712018,0.3443452380952381,0.4722222089767456,0.45600223541259766,0.4003070592880249,0.825,0.715,2,0.026117732748389244,0.725,0,0.00869789719581604
siglip2_b16,shuffled_supervision,44,0.001,200,78.31338882446289,0.81,0.8054977430400772,0.6276359295845032,0.44303429705215414,0.28923611111111114,0.6944444179534912,0.5282403826713562,0.4003070592880249,0.98,0.815,3,0.06056620553135872,0.805,3,0.0198923721909523
