backbone,seed,variant,training_accuracy,parameters,top1_accuracy,macro_f1,loss
efficientnet_b0,42,visual,0.975,12810,0.955,0.9547916307851525,1.1276880121231079
efficientnet_b0,42,random_codes,1.0,655873,0.925,0.9221653979688413,0.24604358553886413
efficientnet_b0,42,text,1.0,655873,0.96,0.9601188242651657,0.1495889186859131
efficientnet_b0,42,region_only,1.0,1068034,0.96,0.9603502188868044,0.15145952701568605
efficientnet_b0,42,ag_uniform,1.0,1068034,0.96,0.9603502188868044,0.15095679163932801
efficientnet_b0,42,ag_confidence,1.0,1068034,0.965,0.9652376485303316,0.150387943983078
efficientnet_b0,42,ag_shuffled,1.0,1068034,0.96,0.9603502188868044,0.15096214532852173
efficientnet_b0,43,visual,0.985,12810,0.94,0.9392788102723321,1.1952352046966552
efficientnet_b0,43,random_codes,1.0,655873,0.965,0.9649816849816849,0.2119969642162323
efficientnet_b0,43,text,1.0,655873,0.95,0.9495352669742914,0.16581709682941437
efficientnet_b0,43,region_only,1.0,1068034,0.945,0.9446889503307989,0.1564325535297394
efficientnet_b0,43,ag_uniform,1.0,1068034,0.945,0.9446889503307989,0.15583287358283995
efficientnet_b0,43,ag_confidence,1.0,1068034,0.955,0.9548395378690631,0.16139079332351686
efficientnet_b0,43,ag_shuffled,1.0,1068034,0.945,0.9446889503307989,0.15549608945846558
efficientnet_b0,44,visual,0.98,12810,0.95,0.9495419681670689,1.082934732437134
efficientnet_b0,44,random_codes,1.0,655873,0.935,0.9325041661151566,0.22534524381160737
efficientnet_b0,44,text,1.0,655873,0.96,0.9601188242651657,0.14793877720832824
efficientnet_b0,44,region_only,1.0,1068034,0.96,0.9601188242651657,0.1480346429347992
efficientnet_b0,44,ag_uniform,1.0,1068034,0.96,0.9601188242651657,0.1484718155860901
efficientnet_b0,44,ag_confidence,1.0,1068034,0.96,0.9601188242651657,0.14836234211921692
efficientnet_b0,44,ag_shuffled,1.0,1068034,0.96,0.9601188242651657,0.1486828726530075
clip_vit_b32,42,visual,0.96,5130,0.925,0.9228276835764072,1.7565456104278565
clip_vit_b32,42,random_codes,1.0,262657,0.95,0.9494293660981723,0.1672300162911415
clip_vit_b32,42,text,1.0,262657,0.96,0.9596983311938381,0.13931352615356446
clip_vit_b32,42,region_only,1.0,674818,0.965,0.9644434866386085,0.12884314894676208
clip_vit_b32,42,ag_uniform,1.0,674818,0.97,0.9697878513026137,0.13522107720375062
clip_vit_b32,42,ag_confidence,1.0,674818,0.97,0.9697878513026137,0.13738650619983672
clip_vit_b32,42,ag_shuffled,1.0,674818,0.965,0.9644643033474868,0.1310911902785301
clip_vit_b32,43,visual,0.98,5130,0.925,0.9233628601183904,1.7028526782989502
clip_vit_b32,43,random_codes,1.0,262657,0.94,0.9395472322471756,0.18385851383209229
clip_vit_b32,43,text,1.0,262657,0.965,0.9647274612422236,0.14416178226470946
clip_vit_b32,43,region_only,1.0,674818,0.97,0.9698494124617358,0.1360746991634369
clip_vit_b32,43,ag_uniform,1.0,674818,0.965,0.9647373358348968,0.13077735781669617
clip_vit_b32,43,ag_confidence,1.0,674818,0.965,0.9647373358348968,0.12862077742815017
clip_vit_b32,43,ag_shuffled,1.0,674818,0.965,0.9647373358348968,0.1319694674015045
clip_vit_b32,44,visual,0.98,5130,0.925,0.9233946013502919,1.949490966796875
clip_vit_b32,44,random_codes,1.0,262657,0.955,0.9544314255289865,0.14524322956800462
clip_vit_b32,44,text,1.0,262657,0.965,0.9647878513026139,0.1479663932323456
clip_vit_b32,44,region_only,1.0,674818,0.975,0.9748395378690627,0.13961480677127838
clip_vit_b32,44,ag_uniform,1.0,674818,0.965,0.9647878513026139,0.14337636291980743
clip_vit_b32,44,ag_confidence,1.0,674818,0.965,0.9645763799743261,0.14260337591171265
clip_vit_b32,44,ag_shuffled,1.0,674818,0.97,0.9695763799743261,0.1420219534635544
