variant,selection,step,ZSL,U,S,H,attribute_mAP,unseen_attribute_mAP,regional_attribute_mAP
native,classification,0,92.49999920527141,66.66666567325592,85.99999994039536,75.10916965247058,41.84776367657301,42.51246479329887,
finetune,classification,40,94.16666626930237,59.99999940395355,90.99999964237213,72.31788024882057,43.93959316231285,44.13339668415717,
region_only,classification,0,94.16666626930237,66.66666567325592,85.99999994039536,75.10916965247058,41.84776367657301,42.51246479329887,43.29431231828222
automatic,classification,0,94.16666626930237,67.49999920527141,85.99999994039536,75.63517863112509,41.84776367657301,42.51246479329887,43.29431231828222
gold,classification,0,94.16666626930237,67.49999920527141,85.99999994039536,75.63517863112509,41.84776367657301,42.51246479329887,43.29431231828222
shuffled,classification,0,94.16666626930237,67.49999920527141,85.99999994039536,75.63517863112509,41.84776367657301,42.51246479329887,43.29431231828222
gold_region,classification,0,94.16666626930237,67.49999920527141,85.99999994039536,75.63517863112509,41.84776367657301,42.51246479329887,43.29431231828222
finetune,attribute,80,95.83333333333333,34.16666742414236,96.99999928474426,50.533672904251176,44.12530086067297,44.49298882065129,
region_only,attribute,80,96.66666587193806,30.833333730697632,96.49999916553497,46.73429355230544,44.00387993488186,44.36965478783042,43.21704413428038
automatic,attribute,40,95.83333333333333,38.3333328490456,96.49999916553497,54.870209504947255,43.7715440832122,44.521523223916745,42.27760379554133
gold,attribute,160,97.49999940395355,30.000000198682148,96.49999916553497,45.77075112551789,50.23738267978418,47.36428903949803,44.32469725197873
shuffled,attribute,80,96.66666686534882,31.666667200624943,96.49999916553497,47.68530609519571,43.682786060242734,43.58691848273861,43.14974954482554
gold_region,attribute,160,97.49999940395355,29.16666679084301,97.49999940395355,44.901315873415264,50.36194852411795,47.42780678837721,51.27351020454478
