variant,lr,classification_step,development_H,attribute_step,development_attribute_mAP,seconds,peak_allocated_MiB
automatic,1e-05,0,75.48387116001498,40,41.5470996872184,81.13609266281128,1184.79736328125
automatic,3e-06,0,75.48387116001498,120,41.47212440852868,79.8281991481781,1187.42236328125
finetune,1e-05,0,75.48387095037532,80,41.857582926915306,36.08028554916382,579.8046875
finetune,3e-06,40,76.01880910889503,120,41.751454522161616,35.21350121498108,579.8046875
gold_region,1e-05,0,75.48387116001498,160,49.488041847099275,82.27111530303955,1184.79736328125
gold_region,3e-06,0,75.48387116001498,160,43.24881356036149,82.46076130867004,1187.42236328125
gold,1e-05,0,75.48387116001498,160,49.53270781000042,83.54443764686584,1184.79736328125
gold,3e-06,0,75.48387116001498,160,43.263883946476376,82.75690388679504,1187.42236328125
region_only,1e-05,0,75.48387116001498,80,41.902035513317614,78.3989040851593,1184.6552734375
region_only,3e-06,0,75.48387116001498,120,41.80880246251157,84.33831691741943,1187.2802734375
shuffled,1e-05,0,75.48387116001498,80,41.77883159359402,83.50095391273499,1184.79736328125
shuffled,3e-06,0,75.48387116001498,160,41.53729953600555,75.17605566978455,1187.42236328125
