version,variant,seeds,selected_steps,step_zero_count,H_mean,H_sd,ZSL_mean,ZSL_sd,S_mean,S_sd,U_mean,U_sd
cub_tokens_v1,region_only,3,160/160/160,0,73.26158897380304,0.0,94.16666626930237,0.0,88.50000023841858,0.0,62.49999925494194,0.0
cub_tokens_v1,pooled,3,160/160/160,0,73.26158897380304,0.0,94.16666626930237,0.0,88.50000023841858,0.0,62.49999925494194,0.0
cub_tokens_v1,tokens,3,160/160/160,0,73.26158897380304,0.0,94.16666626930237,0.0,88.50000023841858,0.0,62.49999925494194,0.0
cub_tokens_v1,permuted,3,160/160/160,0,73.26158897380304,0.0,94.16666626930237,0.0,88.50000023841858,0.0,62.49999925494194,0.0
cub_tokens_v1,constant,3,160/160/160,0,73.26158897380304,0.0,94.16666626930237,0.0,88.50000023841858,0.0,62.49999925494194,0.0
cub_bottleneck_v1,tokens,3,0/40/0,2,72.13263868705411,5.155502862403363,93.61111058129205,1.9245013561355164,87.16666638851166,2.020725563623355,61.94444356693162,8.179128612778614
cub_bottleneck_v1,permuted,3,0/0/40,2,73.1211499659389,3.907748825386645,93.33333273728688,0.8333335320154802,86.99999988079071,1.7320507043306042,63.333332414428405,6.50854144587625
cub_bottleneck_v1,identity,3,40/40/40,0,67.43371455934984,2.778775769211824,95.55555482705434,1.9245007825895601,89.49999938408534,0.8660254381971964,54.16666600439283,3.632415612507063
cub_bottleneck_v1,constant,3,0/0/0,3,75.10916965247058,0.0,92.49999920527141,0.0,85.99999994039536,0.0,66.66666567325592,0.0
cub_rich_v1,region_only,3,160/160/160,0,73.26158897380304,0.0,94.16666626930237,0.0,88.50000023841858,0.0,62.49999925494194,0.0
cub_rich_v1,pooled,3,160/160/160,0,73.0696939743146,0.33237188883238183,94.16666626930237,0.0,88.50000023841858,0.0,62.22222141093678,0.4811253390338791
cub_rich_v1,tokens,3,160/160/160,0,73.26158897380304,0.0,94.16666626930237,0.0,88.50000023841858,0.0,62.49999925494194,0.0
cub_rich_v1,permuted,3,160/160/160,0,73.26158897380304,0.0,94.16666626930237,0.0,88.50000023841858,0.0,62.49999925494194,0.0
cub_rich_v1,constant,3,160/160/160,0,73.0696939743146,0.33237188883238183,94.16666626930237,0.0,88.50000023841858,0.0,62.22222141093678,0.4811253390338791
cub_sparse_v1,tokens,3,160/160/160,0,73.26158897380304,0.0,94.16666626930237,0.0,88.50000023841858,0.0,62.49999925494194,0.0
cub_sparse_v1,dense_contrast,3,160/160/160,0,73.26158897380304,0.0,94.16666626930237,0.0,88.50000023841858,0.0,62.49999925494194,0.0
cub_sparse_v1,sparse_ce,3,160/160/160,0,73.0696939743146,0.33237188883238183,94.16666626930237,0.0,88.50000023841858,0.0,62.22222141093678,0.4811253390338791
cub_sparse_v1,dense_ce,3,160/160/160,0,73.26158897380304,0.0,94.16666626930237,0.0,88.50000023841858,0.0,62.49999925494194,0.0
cub_sparse_v1,region_only,3,160/160/160,0,73.26158897380304,0.0,94.16666626930237,0.0,88.50000023841858,0.0,62.49999925494194,0.0
cub_sparse_v1,pooled,3,160/160/160,0,73.26158897380304,0.0,94.16666626930237,0.0,88.50000023841858,0.0,62.49999925494194,0.0
cub_sparse_v1,permuted,3,160/160/160,0,73.45137743877389,0.328723264020003,94.16666626930237,0.0,88.50000023841858,0.0,62.77777693337865,0.48112505226090096
cub_sparse_v1,constant,3,160/160/160,0,73.45137743877389,0.328723264020003,94.16666626930237,0.0,88.50000023841858,0.0,62.77777693337865,0.48112505226090096
cub_b16_v1,region_only,3,160/160/160,0,83.3004167299445,0.29191428198473224,96.66666587193806,0.0,82.99999962250392,0.500000119209297,83.6111115084754,0.9622501045218018
cub_b16_v1,pooled,3,160/160/160,0,83.16360765301052,0.3623182700181616,96.66666587193806,0.0,82.99999962250392,0.500000119209297,83.33333366447023,0.8333330353101612
cub_b16_v1,tokens,3,160/160/80,0,83.48963308945595,0.0825967243806021,96.66666587193806,0.0,82.83333296577136,0.7637627003701805,84.16666686534882,0.8333325386047363
cub_b16_v1,permuted,3,160/160/80,0,83.48963308945595,0.0825967243806021,96.66666587193806,0.0,82.83333296577136,0.7637627003701805,84.16666686534882,0.8333325386047363
cub_b16_v1,constant,3,160/160/80,0,83.48963308945595,0.0825967243806021,96.66666587193806,0.0,82.83333296577136,0.7637627003701805,84.16666686534882,0.8333325386047363
cub_regional_tokens_v1,tokens,3,160/160/160,0,75.45984240998597,0.303691243420103,93.33333273728688,0.0,85.99999994039536,0.0,67.2222215268347,0.481125052260905
cub_regional_tokens_v1,region_only,3,160/160/160,0,75.45984240998597,0.303691243420103,93.33333273728688,0.0,85.99999994039536,0.0,67.2222215268347,0.481125052260905
cub_regional_tokens_v1,pooled,3,160/160/160,0,75.28258142664265,0.6107162727703314,93.33333273728688,0.0,85.99999994039536,0.0,66.94444368282954,0.9622503912947801
cub_regional_tokens_v1,no_attribute_loss,3,160/160/160,0,75.45984240998597,0.303691243420103,93.33333273728688,0.0,85.99999994039536,0.0,67.2222215268347,0.481125052260905
