backbone,shots,seed,variant,top1_accuracy,macro_f1,loss,parameters,training_accuracy
efficientnet_b0,5,42,visual_linear,0.61,0.6073723989828108,2.2038111114501953,25620,0.97
efficientnet_b0,5,42,random_codes,0.66,0.6525006329277431,1.380524263381958,655873,1.0
efficientnet_b0,5,42,baseline,0.675,0.6717132676131196,1.0316437911987304,655873,
efficientnet_b0,5,42,region_only,0.68,0.6770185651707391,1.0263272953033447,1001602,
efficientnet_b0,5,42,ag_mean,0.675,0.6719722558442439,1.0263201379776001,869890,
efficientnet_b0,5,42,ag_attention,0.68,0.6779793077878284,1.0261567783355714,1001602,
efficientnet_b0,5,42,ag_aux,0.675,0.66696386640087,1.0312213325500488,1001602,
efficientnet_b0,5,43,visual_linear,0.625,0.616612086400012,2.3092003726959227,25620,1.0
efficientnet_b0,5,43,random_codes,0.655,0.646768093734038,1.495009765625,655873,1.0
efficientnet_b0,5,43,baseline,0.67,0.6606943412549819,1.124382929801941,655873,
efficientnet_b0,5,43,region_only,0.67,0.6614405128680267,1.1369160032272339,1001602,
efficientnet_b0,5,43,ag_mean,0.67,0.6610771043467234,1.1357481670379639,869890,
efficientnet_b0,5,43,ag_attention,0.67,0.6614405128680267,1.136640338897705,1001602,
efficientnet_b0,5,43,ag_aux,0.67,0.6509461173426716,1.084143648147583,1001602,
efficientnet_b0,5,44,visual_linear,0.635,0.6183053375932634,2.3567352867126465,25620,0.98
efficientnet_b0,5,44,random_codes,0.665,0.6489802627152541,1.5512505435943604,655873,1.0
efficientnet_b0,5,44,baseline,0.66,0.6516077788466401,1.2086343145370484,655873,
efficientnet_b0,5,44,region_only,0.66,0.6508512790087027,1.213183183670044,1001602,
efficientnet_b0,5,44,ag_mean,0.66,0.6528059238662954,1.2112356281280519,869890,
efficientnet_b0,5,44,ag_attention,0.66,0.652333803394175,1.214199514389038,1001602,
efficientnet_b0,5,44,ag_aux,0.67,0.6567021951216997,1.0722132110595703,1001602,
efficientnet_b0,10,42,visual_linear,0.705,0.7074286394445903,2.2157301330566406,25620,0.94
efficientnet_b0,10,42,random_codes,0.73,0.7270146265842861,0.8772516894340515,655873,1.0
efficientnet_b0,10,42,baseline,0.73,0.7229087896593616,0.8120895719528198,655873,
efficientnet_b0,10,42,region_only,0.725,0.7182339907740365,0.8127022767066956,1001602,
efficientnet_b0,10,42,ag_mean,0.725,0.7181043187679342,0.8143531537055969,869890,
efficientnet_b0,10,42,ag_attention,0.725,0.7182339907740365,0.8126057243347168,1001602,
efficientnet_b0,10,42,ag_aux,0.745,0.7384164461419138,0.8199187350273133,1001602,
efficientnet_b0,10,43,visual_linear,0.65,0.6310022718839516,2.088707838058472,25620,0.92
efficientnet_b0,10,43,random_codes,0.74,0.7371311198473334,0.9543717956542969,655873,1.0
efficientnet_b0,10,43,baseline,0.73,0.7175488315322076,0.8496864318847657,655873,
efficientnet_b0,10,43,region_only,0.73,0.726915486810493,0.875350456237793,1001602,
efficientnet_b0,10,43,ag_mean,0.73,0.726915486810493,0.8774925708770752,869890,
efficientnet_b0,10,43,ag_attention,0.73,0.726915486810493,0.8754030323028564,1001602,
efficientnet_b0,10,43,ag_aux,0.715,0.7051345676503841,0.8451254415512085,1001602,
efficientnet_b0,10,44,visual_linear,0.66,0.6340882401062318,2.1625578689575193,25620,0.94
efficientnet_b0,10,44,random_codes,0.75,0.7477334256394358,0.8597501182556152,655873,1.0
efficientnet_b0,10,44,baseline,0.755,0.7525980438288623,0.7083133888244629,655873,
efficientnet_b0,10,44,region_only,0.765,0.7618336162909795,0.7088612222671509,1001602,
efficientnet_b0,10,44,ag_mean,0.76,0.7575479020052651,0.708598370552063,869890,
efficientnet_b0,10,44,ag_attention,0.765,0.7618336162909795,0.708712043762207,1001602,
efficientnet_b0,10,44,ag_aux,0.77,0.7663727515137531,0.7083589434623718,1001602,
efficientnet_b0,20,42,visual_linear,0.735,0.7278954674234994,1.9728118515014648,25620,0.89
efficientnet_b0,20,42,random_codes,0.82,0.8176883766126934,0.6289264506101608,655873,1.0
efficientnet_b0,20,42,baseline,0.835,0.8331201638133932,0.5697416615486145,655873,
efficientnet_b0,20,42,region_only,0.825,0.8247862050305178,0.5625794196128845,1001602,
efficientnet_b0,20,42,ag_mean,0.84,0.8391129561872596,0.5650324654579163,869890,
efficientnet_b0,20,42,ag_attention,0.825,0.8247862050305178,0.5621706724166871,1001602,
efficientnet_b0,20,42,ag_aux,0.835,0.8325348319065509,0.5862171173095703,1001602,
efficientnet_b0,20,43,visual_linear,0.72,0.7115961324703336,2.062506618499756,25620,0.855
efficientnet_b0,20,43,random_codes,0.79,0.7883620325323112,0.8841921997070312,655873,1.0
efficientnet_b0,20,43,baseline,0.8,0.7998973695722922,0.6920690631866455,655873,
efficientnet_b0,20,43,region_only,0.8,0.8008528214430759,0.6848688220977783,1001602,
efficientnet_b0,20,43,ag_mean,0.8,0.7998973695722922,0.6947109603881836,869890,
efficientnet_b0,20,43,ag_attention,0.8,0.8008528214430759,0.6844038391113281,1001602,
efficientnet_b0,20,43,ag_aux,0.785,0.7863546633317127,0.7025938677787781,1001602,
efficientnet_b0,20,44,visual_linear,0.745,0.741428436918072,2.0928927993774415,25620,0.87
efficientnet_b0,20,44,random_codes,0.79,0.7813066624451064,0.8423307538032532,655873,0.995
efficientnet_b0,20,44,baseline,0.81,0.8029766032340403,0.7019524264335633,655873,
efficientnet_b0,20,44,region_only,0.81,0.803921926027189,0.7019468772411347,1001602,
efficientnet_b0,20,44,ag_mean,0.805,0.7979766032340402,0.7035482513904572,869890,
efficientnet_b0,20,44,ag_attention,0.81,0.803921926027189,0.7015380644798279,1001602,
efficientnet_b0,20,44,ag_aux,0.805,0.8014979029062349,0.67146324634552,1001602,
resnet18,5,42,visual_linear,0.455,0.41584116572170143,2.6983061408996583,10260,0.95
resnet18,5,42,random_codes,0.58,0.5682086867754521,1.4424106121063232,262657,1.0
resnet18,5,42,baseline,0.585,0.5696278470039265,1.3402890968322754,262657,
resnet18,5,42,region_only,0.585,0.5719991532339285,1.3433378267288207,608386,
resnet18,5,42,ag_mean,0.615,0.6007128416034393,1.3498523712158204,476674,
resnet18,5,42,ag_attention,0.585,0.5719991532339285,1.343911008834839,608386,
resnet18,5,42,ag_aux,0.58,0.5589231977173154,1.353282356262207,608386,
resnet18,5,43,visual_linear,0.43,0.4212506586304291,2.6678853607177735,10260,0.96
resnet18,5,43,random_codes,0.585,0.5728376248644791,1.5131724739074708,262657,1.0
resnet18,5,43,baseline,0.595,0.5848161594840152,1.344887170791626,262657,
resnet18,5,43,region_only,0.58,0.569782657591582,1.3478667449951172,608386,
resnet18,5,43,ag_mean,0.575,0.5598395686439165,1.3511395835876465,476674,
resnet18,5,43,ag_attention,0.58,0.569782657591582,1.347523374557495,608386,
resnet18,5,43,ag_aux,0.575,0.5618513277170056,1.350708532333374,608386,
resnet18,5,44,visual_linear,0.55,0.5185038990563287,2.6536935997009277,10260,0.93
resnet18,5,44,random_codes,0.655,0.645811783390428,1.313241147994995,262657,1.0
resnet18,5,44,baseline,0.615,0.6023859523315707,1.2386028099060058,262657,
resnet18,5,44,region_only,0.605,0.5919943828027014,1.2633585357666015,608386,
resnet18,5,44,ag_mean,0.615,0.6023859523315707,1.2320961189270019,476674,
resnet18,5,44,ag_attention,0.605,0.5925833552337793,1.2628181076049805,608386,
resnet18,5,44,ag_aux,0.595,0.5775361019696035,1.260197687149048,608386,
resnet18,10,42,visual_linear,0.595,0.5819050224464817,2.617950038909912,10260,0.9
resnet18,10,42,random_codes,0.665,0.6658445556402885,1.1416434478759765,262657,1.0
resnet18,10,42,baseline,0.63,0.6064207770064547,1.1460994148254395,262657,
resnet18,10,42,region_only,0.625,0.6024554090410867,1.1459798049926757,608386,
resnet18,10,42,ag_mean,0.66,0.6569905809235718,1.073326416015625,476674,
resnet18,10,42,ag_attention,0.625,0.6026401206068724,1.146329460144043,608386,
resnet18,10,42,ag_aux,0.665,0.6553767279892599,1.0684231472015382,608386,
resnet18,10,43,visual_linear,0.64,0.6288602099318549,2.610508985519409,10260,0.865
resnet18,10,43,random_codes,0.715,0.7070652314736309,0.9495651531219482,262657,1.0
resnet18,10,43,baseline,0.69,0.6829258991072492,0.9416010284423828,262657,
resnet18,10,43,region_only,0.69,0.6834501345971599,0.9408790874481201,608386,
resnet18,10,43,ag_mean,0.69,0.6834501345971599,0.9394292974472046,476674,
resnet18,10,43,ag_attention,0.69,0.6836016497486749,0.9409234571456909,608386,
resnet18,10,43,ag_aux,0.705,0.698136961134168,0.9540386724472046,608386,
resnet18,10,44,visual_linear,0.615,0.597903613922459,2.59496262550354,10260,0.89
resnet18,10,44,random_codes,0.69,0.6820625665632734,1.0379405403137207,262657,1.0
resnet18,10,44,baseline,0.7,0.6921930587472384,0.9776141548156738,262657,
resnet18,10,44,region_only,0.69,0.682167736632133,0.9752595043182373,608386,
resnet18,10,44,ag_mean,0.695,0.6851947895585667,0.9755790138244629,476674,
resnet18,10,44,ag_attention,0.7,0.6910351256930205,0.9758634281158447,608386,
resnet18,10,44,ag_aux,0.675,0.6579198372562043,0.9856072902679444,608386,
resnet18,20,42,visual_linear,0.63,0.618107882745822,2.5837460803985595,10260,0.8325
resnet18,20,42,random_codes,0.765,0.7613351531584134,0.779140157699585,262657,1.0
resnet18,20,42,baseline,0.77,0.7652216118465532,0.7777059602737427,262657,
resnet18,20,42,region_only,0.77,0.7652216118465532,0.7749741172790527,608386,
resnet18,20,42,ag_mean,0.76,0.7590540824794425,0.7557018756866455,476674,
resnet18,20,42,ag_attention,0.77,0.7652216118465532,0.7750844335556031,608386,
resnet18,20,42,ag_aux,0.76,0.7525812203978848,0.7611400747299194,608386,
resnet18,20,43,visual_linear,0.65,0.6423074675134173,2.5974725246429444,10260,0.8075
resnet18,20,43,random_codes,0.765,0.7629871547814744,0.7714836597442627,262657,1.0
resnet18,20,43,baseline,0.755,0.7492564578188149,0.8268048095703125,262657,
resnet18,20,43,region_only,0.755,0.7493420968174973,0.8262692356109619,608386,
resnet18,20,43,ag_mean,0.75,0.7478363539438382,0.7905415534973145,476674,
resnet18,20,43,ag_attention,0.755,0.7493420968174973,0.8264999294281006,608386,
resnet18,20,43,ag_aux,0.755,0.7528419885740858,0.7986092233657837,608386,
resnet18,20,44,visual_linear,0.63,0.6049915558281664,2.696019296646118,10260,0.785
resnet18,20,44,random_codes,0.7,0.6988491082585173,0.8499809265136719,262657,1.0
resnet18,20,44,baseline,0.745,0.7389149131742012,0.8101823091506958,262657,
resnet18,20,44,region_only,0.725,0.7223735816426287,0.822812647819519,608386,
resnet18,20,44,ag_mean,0.725,0.7227564014372132,0.8146938657760621,476674,
resnet18,20,44,ag_attention,0.725,0.7184302060467762,0.8187805891036988,608386,
resnet18,20,44,ag_aux,0.725,0.7239402433950489,0.8159549045562744,608386,
convnext_tiny,5,42,visual_linear,0.59,0.568521495543924,2.3672672080993653,15380,0.96
convnext_tiny,5,42,random_codes,0.67,0.6589998750395843,1.2288557338714599,393729,1.0
convnext_tiny,5,42,baseline,0.71,0.6960430255869078,0.9706872129440307,393729,
convnext_tiny,5,42,region_only,0.7,0.6827261421443007,1.0233250808715821,739458,
convnext_tiny,5,42,ag_mean,0.695,0.6780470531173857,1.0188021898269652,607746,
convnext_tiny,5,42,ag_attention,0.7,0.6827261421443007,1.0233432340621949,739458,
convnext_tiny,5,42,ag_aux,0.685,0.6693309666283821,1.0397872829437256,739458,
convnext_tiny,5,43,visual_linear,0.605,0.5716845353723466,2.6260938930511473,15380,0.96
convnext_tiny,5,43,random_codes,0.7,0.6790516417370638,1.1946315050125123,393729,1.0
convnext_tiny,5,43,baseline,0.685,0.667841082972157,1.0662494468688966,393729,
convnext_tiny,5,43,region_only,0.685,0.667841082972157,1.0694676852226257,739458,
convnext_tiny,5,43,ag_mean,0.68,0.6623186371517237,1.0649172759056091,607746,
convnext_tiny,5,43,ag_attention,0.685,0.667841082972157,1.0692192482948304,739458,
convnext_tiny,5,43,ag_aux,0.68,0.6604822366316175,1.0683168005943298,739458,
convnext_tiny,5,44,visual_linear,0.63,0.5991812162894169,2.2586501121520994,15380,0.96
convnext_tiny,5,44,random_codes,0.655,0.638603662032219,1.1955179500579833,393729,1.0
convnext_tiny,5,44,baseline,0.67,0.6574074969503358,1.019235806465149,393729,
convnext_tiny,5,44,region_only,0.67,0.6574074969503358,1.0203037786483764,739458,
convnext_tiny,5,44,ag_mean,0.66,0.6457919009244895,1.0230809783935546,607746,
convnext_tiny,5,44,ag_attention,0.67,0.6574074969503358,1.0196141815185547,739458,
convnext_tiny,5,44,ag_aux,0.695,0.6810271704709046,1.0103105735778808,739458,
convnext_tiny,10,42,visual_linear,0.71,0.7045252059402686,2.3387550926208496,15380,0.925
convnext_tiny,10,42,random_codes,0.805,0.8023517456354984,0.8477875912189483,393729,1.0
convnext_tiny,10,42,baseline,0.785,0.7819533510304475,0.7185892415046692,393729,
convnext_tiny,10,42,region_only,0.79,0.7860127419319437,0.7235066556930542,739458,
convnext_tiny,10,42,ag_mean,0.76,0.755809830172968,0.7598928928375244,607746,
convnext_tiny,10,42,ag_attention,0.765,0.7608519810045925,0.764689040184021,739458,
convnext_tiny,10,42,ag_aux,0.775,0.7682283765388827,0.7546572542190552,739458,
convnext_tiny,10,43,visual_linear,0.705,0.6777855142619958,2.220128231048584,15380,0.88
convnext_tiny,10,43,random_codes,0.785,0.7808023444937228,0.6693810892105102,393729,1.0
convnext_tiny,10,43,baseline,0.79,0.7876813925070757,0.6301204860210419,393729,
convnext_tiny,10,43,region_only,0.78,0.7747552999079114,0.6800839400291443,739458,
convnext_tiny,10,43,ag_mean,0.765,0.7555231368741937,0.7053380477428436,607746,
convnext_tiny,10,43,ag_attention,0.765,0.7555231368741937,0.6943176829814911,739458,
convnext_tiny,10,43,ag_aux,0.755,0.7462095246253276,0.7193163156509399,739458,
convnext_tiny,10,44,visual_linear,0.695,0.6801793519779453,2.175942554473877,15380,0.86
convnext_tiny,10,44,random_codes,0.765,0.7566600678826416,0.8916417944431305,393729,1.0
convnext_tiny,10,44,baseline,0.78,0.7732426330978963,0.7655632948875427,393729,
convnext_tiny,10,44,region_only,0.78,0.7732426330978963,0.7628372645378113,739458,
convnext_tiny,10,44,ag_mean,0.78,0.7732426330978963,0.7657791996002197,607746,
convnext_tiny,10,44,ag_attention,0.78,0.7732426330978963,0.7630527567863464,739458,
convnext_tiny,10,44,ag_aux,0.775,0.7668299355742147,0.7760545444488526,739458,
convnext_tiny,20,42,visual_linear,0.735,0.725890003043725,2.2629831218719483,15380,0.8425
convnext_tiny,20,42,random_codes,0.82,0.819201243261009,0.5749674117565156,393729,1.0
convnext_tiny,20,42,baseline,0.825,0.822443872459184,0.5147502064704895,393729,
convnext_tiny,20,42,region_only,0.825,0.822443872459184,0.5143125247955322,739458,
convnext_tiny,20,42,ag_mean,0.825,0.822443872459184,0.5158862090110778,607746,
convnext_tiny,20,42,ag_attention,0.825,0.822443872459184,0.5142390298843383,739458,
convnext_tiny,20,42,ag_aux,0.845,0.8419640079525326,0.5273751473426819,739458,
convnext_tiny,20,43,visual_linear,0.73,0.7222360959565415,2.106682300567627,15380,0.835
convnext_tiny,20,43,random_codes,0.81,0.8073211122046766,0.5286960482597352,393729,1.0
convnext_tiny,20,43,baseline,0.835,0.8332492229954876,0.514250886440277,393729,
convnext_tiny,20,43,region_only,0.835,0.8327726906586781,0.5109946131706238,739458,
convnext_tiny,20,43,ag_mean,0.83,0.8284248645717215,0.5163299369812012,607746,
convnext_tiny,20,43,ag_attention,0.835,0.8327726906586781,0.5112605762481689,739458,
convnext_tiny,20,43,ag_aux,0.83,0.827869309016166,0.5290019178390503,739458,
convnext_tiny,20,44,visual_linear,0.69,0.6708703006071645,2.15618616104126,15380,0.835
convnext_tiny,20,44,random_codes,0.825,0.8219427171742423,0.7269714444875717,393729,1.0
convnext_tiny,20,44,baseline,0.83,0.8272438934661306,0.6096266984939576,393729,
convnext_tiny,20,44,region_only,0.83,0.8272438934661306,0.6116656827926635,739458,
convnext_tiny,20,44,ag_mean,0.815,0.8125427019847533,0.6095230889320373,607746,
convnext_tiny,20,44,ag_attention,0.83,0.8272438934661306,0.6118474411964416,739458,
convnext_tiny,20,44,ag_aux,0.82,0.8169525437246531,0.6097423076629639,739458,
vit_b_16,5,42,visual_linear,0.565,0.5538856238533983,2.5377211570739746,15380,0.95
vit_b_16,5,42,random_codes,0.615,0.6068849968251638,1.496317138671875,393729,1.0
vit_b_16,5,42,baseline,0.61,0.5982599232851622,1.2183531856536864,393729,
vit_b_16,5,42,region_only,0.61,0.5982599232851622,1.2137867546081542,739458,
vit_b_16,5,42,ag_mean,0.605,0.5936480147258852,1.2196088695526124,607746,
vit_b_16,5,42,ag_attention,0.61,0.5982599232851622,1.213390531539917,739458,
vit_b_16,5,42,ag_aux,0.625,0.6057861058939267,1.2142947864532472,739458,
vit_b_16,5,43,visual_linear,0.56,0.52740335748758,2.523557786941528,15380,0.9
vit_b_16,5,43,random_codes,0.565,0.5396391307014876,1.754501495361328,393729,1.0
vit_b_16,5,43,baseline,0.57,0.5475613047008929,1.4236895751953125,393729,
vit_b_16,5,43,region_only,0.52,0.47379157286479945,1.4627860736846925,739458,
vit_b_16,5,43,ag_mean,0.535,0.4962220129371834,1.4702554512023926,607746,
vit_b_16,5,43,ag_attention,0.525,0.4800736241468508,1.4634928798675537,739458,
vit_b_16,5,43,ag_aux,0.595,0.579156875010792,1.3780999183654785,739458,
vit_b_16,5,44,visual_linear,0.57,0.5449505983325018,2.479260492324829,15380,0.94
vit_b_16,5,44,random_codes,0.62,0.609122071673559,1.4480229759216308,393729,1.0
vit_b_16,5,44,baseline,0.71,0.708813531497742,1.1249025774002075,393729,
vit_b_16,5,44,region_only,0.705,0.7017968799707595,1.1288330602645873,739458,
vit_b_16,5,44,ag_mean,0.71,0.7109166739693056,1.1321634244918823,607746,
vit_b_16,5,44,ag_attention,0.705,0.7017968799707595,1.1288052797317505,739458,
vit_b_16,5,44,ag_aux,0.68,0.6767362170927591,1.094710021018982,739458,
vit_b_16,10,42,visual_linear,0.63,0.6266637700986417,2.1867235279083252,15380,0.89
vit_b_16,10,42,random_codes,0.72,0.7182892944987439,1.1123379707336425,393729,1.0
vit_b_16,10,42,baseline,0.695,0.6922841561976708,0.9920538520812988,393729,
vit_b_16,10,42,region_only,0.695,0.6922841561976708,0.992250633239746,739458,
vit_b_16,10,42,ag_mean,0.695,0.6922841561976708,0.9913704681396485,607746,
vit_b_16,10,42,ag_attention,0.695,0.6922841561976708,0.9919999933242798,739458,
vit_b_16,10,42,ag_aux,0.675,0.6684072106756855,0.969598479270935,739458,
vit_b_16,10,43,visual_linear,0.63,0.6174847672677678,2.2543957138061526,15380,0.865
vit_b_16,10,43,random_codes,0.72,0.7150344162351161,1.028656620979309,393729,1.0
vit_b_16,10,43,baseline,0.745,0.7389892023181497,0.9055063533782959,393729,
vit_b_16,10,43,region_only,0.71,0.6996093520006564,0.9292242574691773,739458,
vit_b_16,10,43,ag_mean,0.705,0.6944882158268886,0.9343239212036133,607746,
vit_b_16,10,43,ag_attention,0.735,0.7315154363180679,0.8836102294921875,739458,
vit_b_16,10,43,ag_aux,0.745,0.741236631273783,0.8919081783294678,739458,
vit_b_16,10,44,visual_linear,0.655,0.6412062173292823,2.224637870788574,15380,0.845
vit_b_16,10,44,random_codes,0.72,0.7119715795825299,1.02042622089386,393729,1.0
vit_b_16,10,44,baseline,0.755,0.7509682648456373,0.8717576217651367,393729,
vit_b_16,10,44,region_only,0.74,0.733787900639765,0.8750452756881714,739458,
vit_b_16,10,44,ag_mean,0.75,0.7439886476052179,0.871816692352295,607746,
vit_b_16,10,44,ag_attention,0.745,0.7394648380814084,0.8751861095428467,739458,
vit_b_16,10,44,ag_aux,0.73,0.7218347283091865,0.8685382795333862,739458,
vit_b_16,20,42,visual_linear,0.65,0.6473114069126534,2.116239995956421,15380,0.8075
vit_b_16,20,42,random_codes,0.77,0.7661295730413377,0.8687610054016113,393729,1.0
vit_b_16,20,42,baseline,0.785,0.7823882334294233,0.7494919109344482,393729,
vit_b_16,20,42,region_only,0.785,0.7824033849445748,0.7494894742965699,739458,
vit_b_16,20,42,ag_mean,0.79,0.7865776950125449,0.7485239839553833,607746,
vit_b_16,20,42,ag_attention,0.785,0.7823882334294233,0.7505944299697876,739458,
vit_b_16,20,42,ag_aux,0.775,0.7703251936999749,0.7365002107620239,739458,
vit_b_16,20,43,visual_linear,0.665,0.6618809026084568,2.61718939781189,15380,0.7775
vit_b_16,20,43,random_codes,0.78,0.7758137885207478,0.8403706789016724,393729,0.995
vit_b_16,20,43,baseline,0.8,0.7964915874123035,0.7418630981445312,393729,
vit_b_16,20,43,region_only,0.795,0.7916108472374457,0.7436034202575683,739458,
vit_b_16,20,43,ag_mean,0.8,0.7964915874123035,0.7411232089996338,607746,
vit_b_16,20,43,ag_attention,0.795,0.7916108472374457,0.7436862373352051,739458,
vit_b_16,20,43,ag_aux,0.79,0.7860164244603605,0.742689847946167,739458,
vit_b_16,20,44,visual_linear,0.695,0.6893860791397471,2.268284168243408,15380,0.815
vit_b_16,20,44,random_codes,0.79,0.7847542421981781,0.8255922317504882,393729,1.0
vit_b_16,20,44,baseline,0.81,0.805008500271658,0.715359902381897,393729,
vit_b_16,20,44,region_only,0.78,0.7755655806182122,0.7342549180984497,739458,
vit_b_16,20,44,ag_mean,0.78,0.7748512949039265,0.7341189193725586,607746,
vit_b_16,20,44,ag_attention,0.78,0.7755655806182122,0.7344328260421753,739458,
vit_b_16,20,44,ag_aux,0.8,0.7943176261826147,0.7013795852661133,739458,
clip_vit_b32,5,42,visual_linear,0.595,0.5552410551010633,2.5811119079589844,10260,0.93
clip_vit_b32,5,42,random_codes,0.76,0.7570543719266629,0.9752390336990356,262657,1.0
clip_vit_b32,5,42,baseline,0.765,0.7625243561123223,0.7454294633865356,262657,
clip_vit_b32,5,42,region_only,0.775,0.7732901345823678,0.7392436063289642,608386,
clip_vit_b32,5,42,ag_mean,0.77,0.7684278932431443,0.735020956993103,476674,
clip_vit_b32,5,42,ag_attention,0.775,0.7732901345823678,0.7367601871490479,608386,
clip_vit_b32,5,42,ag_aux,0.77,0.7723027745874025,0.7221216940879822,608386,
clip_vit_b32,5,43,visual_linear,0.665,0.6585249765788869,2.5848453521728514,10260,0.97
clip_vit_b32,5,43,random_codes,0.73,0.7241688375787179,1.0295508337020873,262657,1.0
clip_vit_b32,5,43,baseline,0.75,0.7415945640336541,0.8308765959739685,262657,
clip_vit_b32,5,43,region_only,0.755,0.748284259824171,0.7847442483901977,608386,
clip_vit_b32,5,43,ag_mean,0.75,0.7415945640336541,0.8285751628875733,476674,
clip_vit_b32,5,43,ag_attention,0.755,0.748284259824171,0.7850348711013794,608386,
clip_vit_b32,5,43,ag_aux,0.735,0.7263496698519919,0.7961027812957764,608386,
clip_vit_b32,5,44,visual_linear,0.59,0.5634419083332125,2.699836015701294,10260,0.93
clip_vit_b32,5,44,random_codes,0.71,0.7005877344327003,0.9487503457069397,262657,1.0
clip_vit_b32,5,44,baseline,0.72,0.7108932431803948,0.8019286274909974,262657,
clip_vit_b32,5,44,region_only,0.72,0.7108932431803948,0.7997214102745056,608386,
clip_vit_b32,5,44,ag_mean,0.725,0.7158769033111138,0.7926154828071594,476674,
clip_vit_b32,5,44,ag_attention,0.725,0.7158769033111138,0.7940824270248413,608386,
clip_vit_b32,5,44,ag_aux,0.72,0.7127081972321909,0.7780853033065795,608386,
clip_vit_b32,10,42,visual_linear,0.7,0.696789942771367,2.480064058303833,10260,0.915
clip_vit_b32,10,42,random_codes,0.805,0.7996856435281863,0.6780204492807388,262657,1.0
clip_vit_b32,10,42,baseline,0.79,0.7877818529117493,0.5987554734945297,262657,
clip_vit_b32,10,42,region_only,0.79,0.788074250572568,0.5983515423536301,608386,
clip_vit_b32,10,42,ag_mean,0.825,0.8219320267459317,0.5842133986949921,476674,
clip_vit_b32,10,42,ag_attention,0.82,0.8172168350038855,0.5908914458751678,608386,
clip_vit_b32,10,42,ag_aux,0.82,0.8173979259549322,0.5812354445457458,608386,
clip_vit_b32,10,43,visual_linear,0.675,0.6543507632148838,2.480639572143555,10260,0.895
clip_vit_b32,10,43,random_codes,0.755,0.7533616657605419,0.7216141414642334,262657,1.0
clip_vit_b32,10,43,baseline,0.78,0.7778868212634198,0.6578583550453186,262657,
clip_vit_b32,10,43,region_only,0.78,0.7785073992914551,0.6435654354095459,608386,
clip_vit_b32,10,43,ag_mean,0.785,0.7836990345059737,0.6379591202735901,476674,
clip_vit_b32,10,43,ag_attention,0.78,0.7767027498645146,0.6442468237876892,608386,
clip_vit_b32,10,43,ag_aux,0.78,0.7775898606897059,0.6490782880783081,608386,
clip_vit_b32,10,44,visual_linear,0.74,0.7348684025999277,2.458047342300415,10260,0.93
clip_vit_b32,10,44,random_codes,0.775,0.7732590519738858,0.7529829120635987,262657,1.0
clip_vit_b32,10,44,baseline,0.81,0.8025667023035444,0.6340688776969909,262657,
clip_vit_b32,10,44,region_only,0.81,0.8022946783701931,0.6266025400161743,608386,
clip_vit_b32,10,44,ag_mean,0.815,0.8070565831320978,0.6224937260150909,476674,
clip_vit_b32,10,44,ag_attention,0.815,0.8076109994759879,0.6262166655063629,608386,
clip_vit_b32,10,44,ag_aux,0.805,0.7947819922259282,0.6132080149650574,608386,
clip_vit_b32,20,42,visual_linear,0.74,0.7280180482870952,2.4730378723144533,10260,0.85
clip_vit_b32,20,42,random_codes,0.845,0.8466739327587357,0.4826832711696625,262657,1.0
clip_vit_b32,20,42,baseline,0.855,0.8513451506876933,0.4913168838620186,262657,
clip_vit_b32,20,42,region_only,0.845,0.8430341657153813,0.44878308892250063,608386,
clip_vit_b32,20,42,ag_mean,0.855,0.851557200419867,0.4912999004125595,476674,
clip_vit_b32,20,42,ag_attention,0.845,0.8427736064955071,0.445387062728405,608386,
clip_vit_b32,20,42,ag_aux,0.845,0.8445521373378421,0.4484713739156723,608386,
clip_vit_b32,20,43,visual_linear,0.71,0.6974137454579641,2.536647262573242,10260,0.835
clip_vit_b32,20,43,random_codes,0.815,0.8114399236814098,0.5837886810302735,262657,0.9975
clip_vit_b32,20,43,baseline,0.83,0.8257772662494025,0.5099855780601501,262657,
clip_vit_b32,20,43,region_only,0.875,0.8736988415780983,0.48674965620040894,608386,
clip_vit_b32,20,43,ag_mean,0.86,0.8592608526664252,0.4896633267402649,476674,
clip_vit_b32,20,43,ag_attention,0.87,0.8690895911793742,0.48870765924453735,608386,
clip_vit_b32,20,43,ag_aux,0.85,0.8489747784558661,0.48605966329574585,608386,
clip_vit_b32,20,44,visual_linear,0.805,0.7961709637635066,2.5797957706451418,10260,0.8725
clip_vit_b32,20,44,random_codes,0.83,0.8288372776473463,0.5543450212478638,262657,1.0
clip_vit_b32,20,44,baseline,0.825,0.8238689857053701,0.503120698928833,262657,
clip_vit_b32,20,44,region_only,0.83,0.8285716514606676,0.5032083058357238,608386,
clip_vit_b32,20,44,ag_mean,0.84,0.8365414874083605,0.49968128323554994,476674,
clip_vit_b32,20,44,ag_attention,0.83,0.8285716514606676,0.5030024707317352,608386,
clip_vit_b32,20,44,ag_aux,0.835,0.8314428693604894,0.49263739347457886,608386,
