backbone,shots,selected_ag,visual_accuracy,random_accuracy,text_accuracy,ag_accuracy,text_minus_visual_pp,text_minus_random_pp,ag_minus_text_pp
efficientnet_b0,5,ag_aux,62.33333333333333,66.0,66.83333333333334,67.16666666666667,4.500000000000015,0.8333333333333415,0.33333333333332993
efficientnet_b0,10,ag_aux,67.16666666666667,73.99999999999999,73.83333333333333,74.33333333333333,6.666666666666654,-0.1666666666666594,0.5000000000000004
efficientnet_b0,20,ag_aux,73.33333333333334,80.0,81.5,80.83333333333334,8.166666666666666,1.5000000000000124,-0.6666666666666599
resnet18,5,ag_aux,47.833333333333336,60.66666666666667,59.83333333333333,58.33333333333333,11.999999999999995,-0.8333333333333415,-1.5000000000000013
resnet18,10,ag_aux,61.66666666666666,69.0,67.33333333333333,68.16666666666666,5.666666666666664,-1.6666666666666718,0.8333333333333415
resnet18,20,ag_mean,63.66666666666667,74.33333333333333,75.66666666666667,74.5,12.0,1.333333333333342,-1.1666666666666714
convnext_tiny,5,ag_aux,60.83333333333333,67.50000000000001,68.83333333333333,68.66666666666667,8.000000000000007,1.3333333333333197,-0.16666666666667052
convnext_tiny,10,ag_aux,70.33333333333333,78.5,78.50000000000001,76.83333333333334,8.16666666666669,1.1102230246251565e-14,-1.6666666666666718
convnext_tiny,20,ag_aux,71.83333333333333,81.83333333333334,83.0,83.16666666666666,11.16666666666667,1.1666666666666603,0.1666666666666594
vit_b_16,5,ag_aux,56.49999999999999,60.0,63.0,63.33333333333333,6.500000000000005,3.0000000000000027,0.33333333333332993
vit_b_16,10,ag_aux,63.83333333333333,72.00000000000001,73.16666666666666,71.66666666666667,9.333333333333327,1.1666666666666492,-1.4999999999999902
vit_b_16,20,ag_aux,67.0,77.99999999999999,79.83333333333333,78.83333333333334,12.833333333333341,1.8333333333333424,-0.9999999999999898
clip_vit_b32,5,ag_mean,61.66666666666667,73.33333333333334,74.50000000000001,74.83333333333334,12.833333333333341,1.1666666666666714,0.33333333333332993
clip_vit_b32,10,ag_aux,70.5,77.83333333333333,79.33333333333333,80.16666666666667,8.833333333333327,1.5000000000000013,0.8333333333333415
clip_vit_b32,20,ag_mean,75.16666666666666,83.0,83.66666666666666,85.16666666666666,8.499999999999996,0.6666666666666599,1.5000000000000013
