backbone,regime,mode,seed,lr,best_step,tail_first_gradient_l1,tail_parameter_l2_change,gate,head_parameters,tail_trainable_parameters,val_top1_accuracy,val_macro_f1,val_loss,train_top1_accuracy,train_macro_f1,train_loss
clip_vit_b32,frozen,baseline,42,0.0003,100,0,0.0,,262657,0,0.81,0.8076095014040565,0.6614467525482177,1.0,1.0,0.061961656361818315
clip_vit_b32,frozen,baseline,42,0.001,100,0,0.0,,262657,0,0.815,0.8125558581798991,0.6398478609323501,1.0,1.0,0.03797685235738754
clip_vit_b32,frozen,baseline,43,0.0003,100,0,0.0,,262657,0,0.775,0.7679894782346325,0.6900425124168396,1.0,1.0,0.07251986280083657
clip_vit_b32,frozen,baseline,43,0.001,50,0,0.0,,262657,0,0.77,0.7675140444014789,0.6836452627182007,1.0,1.0,0.05106396421790123
clip_vit_b32,frozen,baseline,44,0.0003,100,0,0.0,,262657,0,0.825,0.8189985008634896,0.6251978975534439,1.0,1.0,0.08208502322435379
clip_vit_b32,frozen,baseline,44,0.001,100,0,0.0,,262657,0,0.83,0.8253630921545513,0.6123675414919854,1.0,1.0,0.050143199861049655
clip_vit_b32,frozen,matched,42,0.0003,100,0,0.0,0.09398282319307327,608386,0,0.805,0.8030385109909609,0.6605922436714172,1.0,1.0,0.061707574874162674
clip_vit_b32,frozen,matched,42,0.001,100,0,0.0,0.07881395518779755,608386,0,0.815,0.8125558581798991,0.6381487154960632,1.0,1.0,0.037917730882763866
clip_vit_b32,frozen,matched,43,0.0003,100,0,0.0,0.09453287720680237,608386,0,0.785,0.7794020169343228,0.689122896194458,1.0,1.0,0.07219576865434646
clip_vit_b32,frozen,matched,43,0.001,50,0,0.0,0.0789722129702568,608386,0,0.77,0.7675140444014789,0.6822930908203125,1.0,1.0,0.051525241434574126
clip_vit_b32,frozen,matched,44,0.0003,100,0,0.0,0.09437938034534454,608386,0,0.825,0.8189985008634896,0.6238044130802155,1.0,1.0,0.0816969022154808
clip_vit_b32,frozen,matched,44,0.001,100,0,0.0,0.08198409527540207,608386,0,0.83,0.8253630921545513,0.6108451020717621,1.0,1.0,0.050415471494197846
clip_vit_b32,frozen,permuted,42,0.0003,100,0,0.0,0.09388599544763565,608386,0,0.805,0.8030385109909609,0.6607318437099456,1.0,1.0,0.06175835981965065
clip_vit_b32,frozen,permuted,42,0.001,100,0,0.0,0.07855995744466782,608386,0,0.815,0.8125558581798991,0.6382059925794601,1.0,1.0,0.037931278496980664
clip_vit_b32,frozen,permuted,43,0.0003,100,0,0.0,0.09458953142166138,608386,0,0.785,0.7794020169343228,0.6891786742210388,1.0,1.0,0.07218188822269439
clip_vit_b32,frozen,permuted,43,0.001,50,0,0.0,0.07903921604156494,608386,0,0.77,0.7675140444014789,0.6822574186325073,1.0,1.0,0.05151546135544777
clip_vit_b32,frozen,permuted,44,0.0003,100,0,0.0,0.09431687742471695,608386,0,0.825,0.8189985008634896,0.6238456511497498,1.0,1.0,0.08174086302518845
clip_vit_b32,frozen,permuted,44,0.001,100,0,0.0,0.08185805380344391,608386,0,0.83,0.8253630921545513,0.6108906203508377,1.0,1.0,0.05041980013251304
clip_vit_b32,frozen,zero,42,0.0003,100,0,0.0,0.09389401972293854,608386,0,0.805,0.8030385109909609,0.6608188498020172,1.0,1.0,0.061767213344573975
clip_vit_b32,frozen,zero,42,0.001,100,0,0.0,0.07910715788602829,608386,0,0.815,0.8125558581798991,0.6381765401363373,1.0,1.0,0.037925435602664946
clip_vit_b32,frozen,zero,43,0.0003,100,0,0.0,0.09456854313611984,608386,0,0.785,0.7794020169343228,0.6893236637115479,1.0,1.0,0.07219088584184646
clip_vit_b32,frozen,zero,43,0.001,50,0,0.0,0.07884477823972702,608386,0,0.77,0.7675140444014789,0.6823238325119019,1.0,1.0,0.05149125903844833
clip_vit_b32,frozen,zero,44,0.0003,100,0,0.0,0.09416580945253372,608386,0,0.825,0.8189985008634896,0.6240256577730179,1.0,1.0,0.08181938469409943
clip_vit_b32,frozen,zero,44,0.001,100,0,0.0,0.08249977231025696,608386,0,0.83,0.8253630921545513,0.6107956057786942,1.0,1.0,0.050426651388406754
clip_vit_b32,tail,baseline,42,0.0003,100,2448.7877682968974,0.47154479827030105,,262657,7482624,0.83,0.8286254643040213,0.6114799737930298,1.0,1.0,0.031121152117848397
clip_vit_b32,tail,baseline,42,0.001,100,2448.7877682968974,1.5055383106961264,,262657,7482624,0.815,0.812475311739008,0.5684563392400741,1.0,1.0,0.017762282900512218
clip_vit_b32,tail,baseline,43,0.0003,100,2886.746005229652,0.4792318088633159,,262657,7482624,0.78,0.7751533725618394,0.6568545126914977,1.0,1.0,0.03514927916228771
clip_vit_b32,tail,baseline,43,0.001,50,2886.746005229652,1.4092455181114025,,262657,7482624,0.785,0.778604741529092,0.6603875529766082,1.0,1.0,0.031705791894346476
clip_vit_b32,tail,baseline,44,0.0003,100,5089.950084298849,0.4891398640934464,,262657,7482624,0.845,0.8413383486325673,0.580945360660553,1.0,1.0,0.038175635188817975
clip_vit_b32,tail,baseline,44,0.001,100,5089.950084298849,1.4849316289905443,,262657,7482624,0.83,0.8268586369434396,0.5444257825613021,1.0,1.0,0.018234667219221592
clip_vit_b32,tail,matched,42,0.0003,100,2463.4039043039083,0.4716654830550112,0.09236127138137817,608386,7482624,0.83,0.8286254643040213,0.609792063832283,1.0,1.0,0.0310198038443923
clip_vit_b32,tail,matched,42,0.001,100,2463.4039043039083,1.5033980855814801,0.06899133324623108,608386,7482624,0.825,0.8215749489588499,0.5740853971242905,1.0,1.0,0.017405825331807137
clip_vit_b32,tail,matched,43,0.0003,100,2938.9630321860313,0.4790274694804973,0.09273210167884827,608386,7482624,0.78,0.7751533725618394,0.656359338760376,1.0,1.0,0.035119467452168464
clip_vit_b32,tail,matched,43,0.001,50,2938.9630321860313,1.4061563164998299,0.07237054407596588,608386,7482624,0.775,0.7683400646854678,0.6610780727863311,1.0,1.0,0.031169156413525342
clip_vit_b32,tail,matched,44,0.0003,100,4984.762996762991,0.48866391984064855,0.09319362789392471,608386,7482624,0.845,0.8413383486325673,0.5805116802453995,1.0,1.0,0.03809225976467132
clip_vit_b32,tail,matched,44,0.001,100,4984.762996762991,1.4945522322520801,0.07273884862661362,608386,7482624,0.83,0.8268586369434396,0.549844420850277,1.0,1.0,0.018408435974270106
clip_vit_b32,tail,permuted,42,0.0003,100,2462.9025464355946,0.4717267181979363,0.09231449663639069,608386,7482624,0.83,0.8286254643040213,0.6098837393522263,1.0,1.0,0.031035129763185978
clip_vit_b32,tail,permuted,42,0.001,100,2462.9025464355946,1.5033442864517745,0.0689304918050766,608386,7482624,0.825,0.8215749489588499,0.5739645200967789,1.0,1.0,0.017400725204497577
clip_vit_b32,tail,permuted,43,0.0003,100,2939.5217075943947,0.4790141592305784,0.09277258068323135,608386,7482624,0.78,0.7751533725618394,0.6564236462116242,1.0,1.0,0.03511803410947323
clip_vit_b32,tail,permuted,43,0.001,50,2939.5217075943947,1.4060433464437163,0.0724819153547287,608386,7482624,0.775,0.7683400646854678,0.6610394144058227,1.0,1.0,0.03112684316933155
clip_vit_b32,tail,permuted,44,0.0003,100,4984.551812008023,0.4887057203198176,0.09316287934780121,608386,7482624,0.845,0.8413383486325673,0.580456445813179,1.0,1.0,0.03809976667165756
clip_vit_b32,tail,permuted,44,0.001,100,4984.551812008023,1.4944099964301196,0.07255036383867264,608386,7482624,0.83,0.8268586369434396,0.5497612935304642,1.0,1.0,0.01840794622898102
clip_vit_b32,tail,zero,42,0.0003,100,2462.867710508406,0.47169538790416726,0.09234301000833511,608386,7482624,0.83,0.8286254643040213,0.6099263763427735,1.0,1.0,0.03103718928992748
clip_vit_b32,tail,zero,42,0.001,100,2462.867710508406,1.503602616360816,0.06914156675338745,608386,7482624,0.825,0.8215749489588499,0.5736937612295151,1.0,1.0,0.017418861724436283
clip_vit_b32,tail,zero,43,0.0003,100,2941.0196632668376,0.4790212338773449,0.09274064749479294,608386,7482624,0.78,0.7746922394920107,0.6564595580101014,1.0,1.0,0.03512241303920746
clip_vit_b32,tail,zero,43,0.001,50,2941.0196632668376,1.40619370919886,0.07237627357244492,608386,7482624,0.775,0.7683400646854678,0.661504362821579,1.0,1.0,0.031208363100886344
clip_vit_b32,tail,zero,44,0.0003,100,4992.94554425776,0.4887618585901594,0.09310818463563919,608386,7482624,0.845,0.8413383486325673,0.5805524462461471,1.0,1.0,0.038114414289593695
clip_vit_b32,tail,zero,44,0.001,100,4992.94554425776,1.4940523417454967,0.07239202409982681,608386,7482624,0.83,0.8268586369434396,0.5494765147566796,1.0,1.0,0.01838250247761607
efficientnet_b0,frozen,baseline,42,0.0003,50,0,0.0,,655873,0,0.765,0.7634491803794538,0.7841653645038604,1.0,1.0,0.010153153175488115
efficientnet_b0,frozen,baseline,42,0.001,100,0,0.0,,655873,0,0.77,0.7683844657757701,0.8144976997375488,1.0,1.0,0.007311686035245657
efficientnet_b0,frozen,baseline,43,0.0003,100,0,0.0,,655873,0,0.735,0.7295129780294337,0.8402483224868774,1.0,1.0,0.010618662275373936
efficientnet_b0,frozen,baseline,43,0.001,50,0,0.0,,655873,0,0.735,0.7352669239944782,0.8976033902168274,1.0,1.0,0.01052324716001749
efficientnet_b0,frozen,baseline,44,0.0003,100,0,0.0,,655873,0,0.77,0.7690321976859532,0.772540898323059,1.0,1.0,0.01467582318931818
efficientnet_b0,frozen,baseline,44,0.001,100,0,0.0,,655873,0,0.78,0.7780912583811694,0.7915219593048096,1.0,1.0,0.009683518325909973
efficientnet_b0,frozen,matched,42,0.0003,50,0,0.0,0.09437214583158493,1001602,0,0.77,0.7684241177228119,0.7838134479522705,1.0,1.0,0.010117755765095353
efficientnet_b0,frozen,matched,42,0.001,100,0,0.0,0.0771474614739418,1001602,0,0.765,0.7633129430955518,0.8136954569816589,1.0,1.0,0.007248469311743975
efficientnet_b0,frozen,matched,43,0.0003,100,0,0.0,0.09579145163297653,1001602,0,0.735,0.7295129780294337,0.8380746984481812,1.0,1.0,0.010592655073851346
efficientnet_b0,frozen,matched,43,0.001,50,0,0.0,0.07999265193939209,1001602,0,0.74,0.7390339172351557,0.8994454526901245,1.0,1.0,0.010535392425954342
efficientnet_b0,frozen,matched,44,0.0003,100,0,0.0,0.09472092986106873,1001602,0,0.77,0.7690321976859532,0.7718202352523804,1.0,1.0,0.014662466514855622
efficientnet_b0,frozen,matched,44,0.001,50,0,0.0,0.08294688910245895,1001602,0,0.775,0.7741496668704233,0.7909484434127808,1.0,1.0,0.012046991977840663
efficientnet_b0,frozen,permuted,42,0.0003,50,0,0.0,0.09434973448514938,1001602,0,0.77,0.7684241177228119,0.7837360620498657,1.0,1.0,0.010120002226904035
efficientnet_b0,frozen,permuted,42,0.001,100,0,0.0,0.07711999863386154,1001602,0,0.765,0.7633129430955518,0.8135521888732911,1.0,1.0,0.007245597885921598
efficientnet_b0,frozen,permuted,43,0.0003,100,0,0.0,0.09579342603683472,1001602,0,0.735,0.7295129780294337,0.8380216121673584,1.0,1.0,0.010590672548860312
efficientnet_b0,frozen,permuted,43,0.001,50,0,0.0,0.08007654547691345,1001602,0,0.74,0.7390339172351557,0.8996941709518432,1.0,1.0,0.010534245036542416
efficientnet_b0,frozen,permuted,44,0.0003,100,0,0.0,0.09468847513198853,1001602,0,0.77,0.7690321976859532,0.7716709613800049,1.0,1.0,0.01466449037194252
efficientnet_b0,frozen,permuted,44,0.001,50,0,0.0,0.08286844938993454,1001602,0,0.775,0.7741496668704233,0.7910679459571839,1.0,1.0,0.012052863026037813
efficientnet_b0,frozen,zero,42,0.0003,50,0,0.0,0.09428710490465164,1001602,0,0.77,0.7684241177228119,0.7838077700138092,1.0,1.0,0.010127856396138668
efficientnet_b0,frozen,zero,42,0.001,100,0,0.0,0.07681593298912048,1001602,0,0.765,0.7633129430955518,0.8138011991977692,1.0,1.0,0.007242271527647972
efficientnet_b0,frozen,zero,43,0.0003,100,0,0.0,0.09582513570785522,1001602,0,0.735,0.7295129780294337,0.8381882786750794,1.0,1.0,0.010591014400124549
efficientnet_b0,frozen,zero,43,0.001,50,0,0.0,0.08022771775722504,1001602,0,0.74,0.7390339172351557,0.8996055245399475,1.0,1.0,0.010527863800525665
efficientnet_b0,frozen,zero,44,0.0003,100,0,0.0,0.09471125900745392,1001602,0,0.77,0.7690321976859532,0.7718504524230957,1.0,1.0,0.014665240105241537
efficientnet_b0,frozen,zero,44,0.001,50,0,0.0,0.08294688165187836,1001602,0,0.775,0.7741496668704233,0.7914269757270813,1.0,1.0,0.012063578180968761
efficientnet_b0,tail,baseline,42,0.0003,50,46.39362312061712,0.22568657292066066,,655873,1129392,0.77,0.7692990322819371,0.7823489534854889,1.0,1.0,0.009432473331689834
efficientnet_b0,tail,baseline,42,0.001,100,46.39362312061712,0.6584307488674571,,655873,1129392,0.775,0.7733245119696863,0.830951589345932,1.0,1.0,0.0073571870848536496
efficientnet_b0,tail,baseline,43,0.0003,50,114.85181178618222,0.22535464601844513,,655873,1129392,0.74,0.7338203373367931,0.8437276577949524,1.0,1.0,0.01090026531368494
efficientnet_b0,tail,baseline,43,0.001,50,114.85181178618222,0.6394994938448928,,655873,1129392,0.735,0.734182642143606,0.9253233385086059,1.0,1.0,0.01003023810684681
efficientnet_b0,tail,baseline,44,0.0003,100,196.8201202172786,0.2613344509263499,,655873,1129392,0.765,0.7641449796408404,0.76744957447052,1.0,1.0,0.012980541214346886
efficientnet_b0,tail,baseline,44,0.001,100,196.8201202172786,0.6309790528154028,,655873,1129392,0.775,0.7731213632391447,0.7902615344524384,1.0,1.0,0.00902813445776701
efficientnet_b0,tail,matched,42,0.0003,50,48.32376989000477,0.22527657151645122,0.09429197758436203,1001602,1129392,0.77,0.7692990322819371,0.7809511244297027,1.0,1.0,0.009286769889295101
efficientnet_b0,tail,matched,42,0.001,100,48.32376989000477,0.6546215673476666,0.07556892186403275,1001602,1129392,0.78,0.7779109781350997,0.8320442008972168,1.0,1.0,0.007358438530936837
efficientnet_b0,tail,matched,43,0.0003,100,117.99060689471662,0.24570731121385553,0.09524654597043991,1001602,1129392,0.735,0.7295129780294337,0.8393286108970642,1.0,1.0,0.009726678729057312
efficientnet_b0,tail,matched,43,0.001,50,117.99060689471662,0.6400292819068165,0.07749169319868088,1001602,1129392,0.74,0.7381687437612865,0.9269355010986328,1.0,1.0,0.010013938453048467
efficientnet_b0,tail,matched,44,0.0003,100,198.45441552251577,0.26069572162547455,0.09427810460329056,1001602,1129392,0.765,0.7641449796408404,0.7669160640239716,1.0,1.0,0.012981746420264244
efficientnet_b0,tail,matched,44,0.001,100,198.45441552251577,0.6293168362507392,0.08197437226772308,1001602,1129392,0.785,0.7844159097658896,0.789075744152069,1.0,1.0,0.009075949601829052
efficientnet_b0,tail,permuted,42,0.0003,50,48.32061812025495,0.2252913749240108,0.09427457302808762,1001602,1129392,0.77,0.7692990322819371,0.7809015941619873,1.0,1.0,0.009291826020926238
efficientnet_b0,tail,permuted,42,0.001,100,48.32061812025495,0.6547479938954116,0.075569286942482,1001602,1129392,0.78,0.7779109781350997,0.8320088291168213,1.0,1.0,0.0073548240307718515
efficientnet_b0,tail,permuted,43,0.0003,100,117.92309240065515,0.24575897173823366,0.09524451941251755,1001602,1129392,0.735,0.7295129780294337,0.8393005180358887,1.0,1.0,0.009724304247647524
efficientnet_b0,tail,permuted,43,0.001,50,117.92309240065515,0.6402493616420669,0.0775298923254013,1001602,1129392,0.74,0.7381687437612865,0.927176239490509,1.0,1.0,0.010006473129615188
efficientnet_b0,tail,permuted,44,0.0003,100,198.32030425034463,0.260700319293033,0.0942450612783432,1001602,1129392,0.765,0.7641449796408404,0.7667973685264587,1.0,1.0,0.012983368169516325
efficientnet_b0,tail,permuted,44,0.001,100,198.32030425034463,0.6293146234720547,0.08188877999782562,1001602,1129392,0.785,0.7844159097658896,0.7891740250587463,1.0,1.0,0.009077310021966696
efficientnet_b0,tail,zero,42,0.0003,50,48.29254468716681,0.22531158636644655,0.09421531111001968,1001602,1129392,0.77,0.7692990322819371,0.7810300886631012,1.0,1.0,0.00930025520734489
efficientnet_b0,tail,zero,42,0.001,100,48.29254468716681,0.654650539666108,0.07537363469600677,1001602,1129392,0.78,0.7779109781350997,0.8323004186153412,1.0,1.0,0.007356170304119587
efficientnet_b0,tail,zero,43,0.0003,100,117.78645621892065,0.2458526963523845,0.09529019147157669,1001602,1129392,0.735,0.7295129780294337,0.8394357109069824,1.0,1.0,0.009722791165113449
efficientnet_b0,tail,zero,43,0.001,50,117.78645621892065,0.6406836589127705,0.07769862562417984,1001602,1129392,0.74,0.7381687437612865,0.926940712928772,1.0,1.0,0.009988943133503198
efficientnet_b0,tail,zero,44,0.0003,100,198.54591517336667,0.2607233347959082,0.09424682706594467,1001602,1129392,0.765,0.7641449796408404,0.7669590210914612,1.0,1.0,0.012982221972197294
efficientnet_b0,tail,zero,44,0.001,100,198.54591517336667,0.6295447632806186,0.08197294175624847,1001602,1129392,0.78,0.7789476937713576,0.7895477735996246,1.0,1.0,0.00908118013292551
