backbone,variant,lr,seed,best_step,dev_accuracy,dev_loss
efficientnet_b0,baseline,0.001,42,100,0.5750000076368451,1.1767845153808594
efficientnet_b0,region_only,0.001,42,50,0.5625000046566129,1.1465606689453125
efficientnet_b0,ag_aux,0.001,42,50,0.5625000046566129,1.060591220855713
efficientnet_b0,shuffled_attributes,0.001,42,50,0.5625000046566129,1.0715632438659668
efficientnet_b0,baseline,0.001,43,50,0.5875000059604645,1.2046592235565186
efficientnet_b0,region_only,0.001,43,50,0.5875000059604645,1.1992433071136475
efficientnet_b0,ag_aux,0.001,43,50,0.5875000031664968,1.1153175830841064
efficientnet_b0,shuffled_attributes,0.001,43,50,0.600000006146729,1.1596883535385132
efficientnet_b0,baseline,0.001,44,50,0.5500000044703484,1.1907600164413452
efficientnet_b0,region_only,0.001,44,50,0.5500000044703484,1.1923749446868896
efficientnet_b0,ag_aux,0.001,44,200,0.5500000044703484,1.1090577840805054
efficientnet_b0,shuffled_attributes,0.001,44,200,0.5250000031664968,1.165668249130249
efficientnet_b0,baseline,0.0003,42,50,0.6375000001862645,1.0415018796920776
efficientnet_b0,region_only,0.0003,42,50,0.6250000121071935,1.0381485223770142
efficientnet_b0,ag_aux,0.0003,42,50,0.5875000031664968,0.9872883558273315
efficientnet_b0,shuffled_attributes,0.0003,42,50,0.600000006146729,1.0065813064575195
efficientnet_b0,baseline,0.0003,43,50,0.6625000089406967,1.1009612083435059
efficientnet_b0,region_only,0.0003,43,50,0.6375000029802322,1.0932590961456299
efficientnet_b0,ag_aux,0.0003,43,50,0.6624999912455678,1.0390098094940186
efficientnet_b0,shuffled_attributes,0.0003,43,50,0.662500006146729,1.0651496648788452
efficientnet_b0,baseline,0.0003,44,50,0.625,1.0505685806274414
efficientnet_b0,region_only,0.0003,44,50,0.625,1.0486762523651123
efficientnet_b0,ag_aux,0.0003,44,50,0.625,1.0027410984039307
efficientnet_b0,shuffled_attributes,0.0003,44,50,0.625,1.0387685298919678
resnet18,baseline,0.001,42,200,0.5374999940395355,1.1447384357452393
resnet18,region_only,0.001,42,200,0.5374999940395355,1.1778216361999512
resnet18,ag_aux,0.001,42,150,0.5499999970197678,1.0832247734069824
resnet18,shuffled_attributes,0.001,42,150,0.5625,1.0848671197891235
resnet18,baseline,0.001,43,100,0.6499999985098839,1.0989902019500732
resnet18,region_only,0.001,43,100,0.6625000014901161,1.0950305461883545
resnet18,ag_aux,0.001,43,100,0.6750000063329935,1.0130724906921387
resnet18,shuffled_attributes,0.001,43,100,0.6750000044703484,1.0502407550811768
resnet18,baseline,0.001,44,150,0.6625000014901161,1.0854955911636353
resnet18,region_only,0.001,44,100,0.6499999985098839,1.0925207138061523
resnet18,ag_aux,0.001,44,100,0.6625000014901161,1.023964524269104
resnet18,shuffled_attributes,0.001,44,150,0.5625,1.0692094564437866
resnet18,baseline,0.0003,42,100,0.5499999970197678,1.1211998462677002
resnet18,region_only,0.0003,42,100,0.5374999959021807,1.148772954940796
resnet18,ag_aux,0.0003,42,100,0.5750000029802322,1.0957543849945068
resnet18,shuffled_attributes,0.0003,42,200,0.5499999970197678,1.0821821689605713
resnet18,baseline,0.0003,43,150,0.6875000093132257,1.0067065954208374
resnet18,region_only,0.0003,43,100,0.700000012293458,0.9930427670478821
resnet18,ag_aux,0.0003,43,100,0.700000012293458,0.9534509778022766
resnet18,shuffled_attributes,0.0003,43,100,0.6875000093132257,0.9683380126953125
resnet18,baseline,0.0003,44,150,0.6249999944120646,1.021799921989441
resnet18,region_only,0.0003,44,150,0.6374999973922968,1.029626488685608
resnet18,ag_aux,0.0003,44,150,0.6374999955296516,0.9948733448982239
resnet18,shuffled_attributes,0.0003,44,150,0.6249999925494194,1.0166536569595337
convnext_tiny,baseline,0.001,42,50,0.6249999972060323,1.1437169313430786
convnext_tiny,region_only,0.001,42,50,0.6249999972060323,1.1348286867141724
convnext_tiny,ag_aux,0.001,42,50,0.5999999912455678,1.0883376598358154
convnext_tiny,shuffled_attributes,0.001,42,50,0.5999999912455678,1.0885754823684692
convnext_tiny,baseline,0.001,43,100,0.6124999942258,1.1505372524261475
convnext_tiny,region_only,0.001,43,100,0.6249999972060323,1.1292030811309814
convnext_tiny,ag_aux,0.001,43,200,0.5874999882653356,1.0864218473434448
convnext_tiny,shuffled_attributes,0.001,43,100,0.6124999942258,1.1019381284713745
convnext_tiny,baseline,0.001,44,50,0.6249999972060323,1.1131300926208496
convnext_tiny,region_only,0.001,44,50,0.6374999852851033,1.1152503490447998
convnext_tiny,ag_aux,0.001,44,50,0.6124999942258,1.0655474662780762
convnext_tiny,shuffled_attributes,0.001,44,50,0.5749999852851033,1.0856736898422241
convnext_tiny,baseline,0.0003,42,50,0.6874999972060323,1.0947672128677368
convnext_tiny,region_only,0.0003,42,50,0.6749999942258,1.0762779712677002
convnext_tiny,ag_aux,0.0003,42,50,0.6749999942258,1.033352255821228
convnext_tiny,shuffled_attributes,0.0003,42,100,0.6624999912455678,1.0313003063201904
convnext_tiny,baseline,0.0003,43,100,0.6624999912455678,1.1236680746078491
convnext_tiny,region_only,0.0003,43,100,0.6624999912455678,1.1007506847381592
convnext_tiny,ag_aux,0.0003,43,100,0.6499999882653356,1.0632238388061523
convnext_tiny,shuffled_attributes,0.0003,43,100,0.6624999912455678,1.06169593334198
convnext_tiny,baseline,0.0003,44,50,0.6499999882653356,0.9962198138237
convnext_tiny,region_only,0.0003,44,50,0.6374999852851033,0.994303822517395
convnext_tiny,ag_aux,0.0003,44,50,0.6374999852851033,0.9536773562431335
convnext_tiny,shuffled_attributes,0.0003,44,50,0.5999999912455678,0.9709779024124146
vit_b_16,baseline,0.001,42,50,0.6874999925494194,1.0619022846221924
vit_b_16,region_only,0.001,42,50,0.6999999918043613,1.0421061515808105
vit_b_16,ag_aux,0.001,42,50,0.699999988079071,0.9931336641311646
vit_b_16,shuffled_attributes,0.001,42,50,0.7124999910593033,0.9970552325248718
vit_b_16,baseline,0.001,43,50,0.6874999925494194,1.0350300073623657
vit_b_16,region_only,0.001,43,50,0.6874999925494194,1.0117552280426025
vit_b_16,ag_aux,0.001,43,50,0.6749999895691872,0.9621627926826477
vit_b_16,shuffled_attributes,0.001,43,50,0.6874999925494194,0.9841076731681824
vit_b_16,baseline,0.001,44,100,0.6874999925494194,1.0422418117523193
vit_b_16,region_only,0.001,44,100,0.6874999925494194,1.023815393447876
vit_b_16,ag_aux,0.001,44,100,0.6875,0.9714935421943665
vit_b_16,shuffled_attributes,0.001,44,50,0.6874999888241291,1.0158976316452026
vit_b_16,baseline,0.0003,42,50,0.6874999972060323,0.9724456667900085
vit_b_16,region_only,0.0003,42,100,0.6999999955296516,0.9347255825996399
vit_b_16,ag_aux,0.0003,42,100,0.6999999955296516,0.9017499685287476
vit_b_16,shuffled_attributes,0.0003,42,100,0.7124999947845936,0.9154502153396606
vit_b_16,baseline,0.0003,43,100,0.7249999977648258,0.9080075025558472
vit_b_16,region_only,0.0003,43,100,0.7249999977648258,0.886167049407959
vit_b_16,ag_aux,0.0003,43,100,0.7124999910593033,0.854118824005127
vit_b_16,shuffled_attributes,0.0003,43,100,0.7374999970197678,0.8706477284431458
vit_b_16,baseline,0.0003,44,50,0.7124999947845936,0.8818522691726685
vit_b_16,region_only,0.0003,44,50,0.7124999947845936,0.8726680874824524
vit_b_16,ag_aux,0.0003,44,50,0.7250000089406967,0.8378540873527527
vit_b_16,shuffled_attributes,0.0003,44,100,0.7124999910593033,0.891635537147522
clip_vit_b32,baseline,0.001,42,100,0.7625000001862645,0.772108793258667
clip_vit_b32,region_only,0.001,42,100,0.7624999973922968,0.8000515699386597
clip_vit_b32,ag_aux,0.001,42,100,0.7624999973922968,0.7232942581176758
clip_vit_b32,shuffled_attributes,0.001,42,100,0.7624999973922968,0.7452353835105896
clip_vit_b32,baseline,0.001,43,50,0.75,0.7832041382789612
clip_vit_b32,region_only,0.001,43,100,0.7625000001862645,0.8173620104789734
clip_vit_b32,ag_aux,0.001,43,50,0.7374999942258,0.7142338156700134
clip_vit_b32,shuffled_attributes,0.001,43,50,0.7499999972060323,0.7456467151641846
clip_vit_b32,baseline,0.001,44,150,0.7625000001862645,0.7761306166648865
clip_vit_b32,region_only,0.001,44,150,0.7625000001862645,0.807636559009552
clip_vit_b32,ag_aux,0.001,44,50,0.75,0.7288507223129272
clip_vit_b32,shuffled_attributes,0.001,44,200,0.7749999985098839,0.7965131998062134
clip_vit_b32,baseline,0.0003,42,100,0.75,0.6772047281265259
clip_vit_b32,region_only,0.0003,42,50,0.75,0.6851500272750854
clip_vit_b32,ag_aux,0.0003,42,50,0.75,0.6522797346115112
clip_vit_b32,shuffled_attributes,0.0003,42,50,0.75,0.6618756055831909
clip_vit_b32,baseline,0.0003,43,100,0.75,0.6974920034408569
clip_vit_b32,region_only,0.0003,43,100,0.75,0.711318850517273
clip_vit_b32,ag_aux,0.0003,43,100,0.75,0.6746922731399536
clip_vit_b32,shuffled_attributes,0.0003,43,50,0.75,0.6875749826431274
clip_vit_b32,baseline,0.0003,44,50,0.75,0.6732384562492371
clip_vit_b32,region_only,0.0003,44,50,0.75,0.6796239018440247
clip_vit_b32,ag_aux,0.0003,44,50,0.75,0.653009295463562
clip_vit_b32,shuffled_attributes,0.0003,44,50,0.75,0.6643536686897278
