backbone,variant,lr,seed,gzsl_unseen,gzsl_seen,gzsl_h,zsl_accuracy,zero_text_accuracy,zero_text_flips,permuted_accuracy,permuted_flips
efficientnet_b0,baseline,0.0003,42,0.0,0.9300000011920929,0.0,0.725000003973643,,,,
efficientnet_b0,baseline,0.0003,43,0.0,0.925,0.0,0.658333346247673,,,,
efficientnet_b0,baseline,0.0003,44,0.0,0.9149999976158142,0.0,0.6500000059604645,,,,
efficientnet_b0,region_only,0.0003,42,0.0,0.9300000011920929,0.0,0.7250000089406967,,,,
efficientnet_b0,region_only,0.0003,43,0.0,0.9299999952316285,0.0,0.6500000121692816,,,,
efficientnet_b0,region_only,0.0003,44,0.0,0.9149999976158142,0.0,0.6583333338300387,,,,
efficientnet_b0,ag_aux,0.0003,42,0.0,0.9399999976158142,0.0,0.6833333323399226,0.6916666626930237,3,0.6833333373069763,2
efficientnet_b0,ag_aux,0.0003,43,0.0,0.9349999964237213,0.0,0.6166666727513075,0.6166666746139526,0,0.6166666746139526,0
efficientnet_b0,ag_aux,0.0003,44,0.0,0.9149999976158142,0.0,0.6166666559875011,0.6166666746139526,0,0.6166666746139526,0
efficientnet_b0,shuffled_attributes,0.0003,42,0.0,0.9300000011920929,0.0,0.6583333301047484,,,,
efficientnet_b0,shuffled_attributes,0.0003,43,0.0,0.9349999964237213,0.0,0.6166666727513075,,,,
efficientnet_b0,shuffled_attributes,0.0003,44,0.0,0.9199999988079071,0.0,0.6083333206673464,,,,
resnet18,baseline,0.0003,42,0.0,0.8900000035762787,0.0,0.6250000049670538,,,,
resnet18,baseline,0.0003,43,0.0,0.875,0.0,0.6416666731238365,,,,
resnet18,baseline,0.0003,44,0.0,0.8600000023841858,0.0,0.6166666696468989,,,,
resnet18,region_only,0.0003,42,0.0,0.8950000047683716,0.0,0.6333333402872086,,,,
resnet18,region_only,0.0003,43,0.0,0.8899999976158142,0.0,0.6500000059604645,,,,
resnet18,region_only,0.0003,44,0.0,0.8700000047683716,0.0,0.6166666696468989,,,,
resnet18,ag_aux,0.0003,42,0.0,0.9050000011920929,0.0,0.6500000009934107,0.6416666507720947,2,0.6583333611488342,5
resnet18,ag_aux,0.0003,43,0.0,0.8849999964237213,0.0,0.6333333378036817,0.6333333253860474,0,0.6333333253860474,1
resnet18,ag_aux,0.0003,44,0.0,0.8750000059604645,0.0,0.5749999992549419,0.574999988079071,3,0.5833333134651184,3
resnet18,shuffled_attributes,0.0003,42,0.0,0.8949999988079071,0.0,0.6333333378036817,,,,
resnet18,shuffled_attributes,0.0003,43,0.0,0.8850000023841857,0.0,0.6250000049670538,,,,
resnet18,shuffled_attributes,0.0003,44,0.0,0.8750000059604645,0.0,0.5833333345750967,,,,
convnext_tiny,baseline,0.0003,42,0.0,0.9549999892711639,0.0,0.7000000004967054,,,,
convnext_tiny,baseline,0.0003,43,0.0,0.9599999904632568,0.0,0.725000003973643,,,,
convnext_tiny,baseline,0.0003,44,0.0,0.9449999928474426,0.0,0.6833333373069763,,,,
convnext_tiny,region_only,0.0003,42,0.008333333457509676,0.9599999904632568,0.016523236043028144,0.6916666651765505,,,,
convnext_tiny,region_only,0.0003,43,0.0,0.9649999916553498,0.0,0.7333333392937978,,,,
convnext_tiny,region_only,0.0003,44,0.0,0.9499999940395355,0.0,0.6833333373069763,,,,
convnext_tiny,ag_aux,0.0003,42,0.008333333457509676,0.9549999952316284,0.01652249159284183,0.6833333298563957,0.6833333373069763,0,0.675000011920929,1
convnext_tiny,ag_aux,0.0003,43,0.0,0.9649999916553498,0.0,0.6916666651765505,0.6916666626930237,0,0.699999988079071,1
convnext_tiny,ag_aux,0.0003,44,0.0,0.9449999928474426,0.0,0.6666666691501936,0.675000011920929,1,0.6666666865348816,0
convnext_tiny,shuffled_attributes,0.0003,42,0.0,0.9549999952316284,0.0,0.6833333422740301,,,,
convnext_tiny,shuffled_attributes,0.0003,43,0.0,0.9599999964237214,0.0,0.6916666651765505,,,,
convnext_tiny,shuffled_attributes,0.0003,44,0.0,0.9499999940395355,0.0,0.6583333338300387,,,,
vit_b_16,baseline,0.0003,42,0.0,0.8999999940395356,0.0,0.6166666646798452,,,,
vit_b_16,baseline,0.0003,43,0.0,0.9099999964237213,0.0,0.6583333412806193,,,,
vit_b_16,baseline,0.0003,44,0.0,0.9099999964237213,0.0,0.6416666731238365,,,,
vit_b_16,region_only,0.0003,42,0.0,0.9049999952316284,0.0,0.6083333392937978,,,,
vit_b_16,region_only,0.0003,43,0.0,0.9099999964237213,0.0,0.6583333313465118,,,,
vit_b_16,region_only,0.0003,44,0.0,0.9099999964237213,0.0,0.6416666756073633,,,,
vit_b_16,ag_aux,0.0003,42,0.0,0.9,0.0,0.5999999990065893,0.6000000238418579,0,0.6000000238418579,0
vit_b_16,ag_aux,0.0003,43,0.0,0.9149999916553497,0.0,0.6249999975164732,0.6166666746139526,1,0.6166666746139526,1
vit_b_16,ag_aux,0.0003,44,0.0,0.9149999976158142,0.0,0.6166666646798452,0.6166666746139526,0,0.6166666746139526,0
vit_b_16,shuffled_attributes,0.0003,42,0.0,0.9,0.0,0.5916666686534882,,,,
vit_b_16,shuffled_attributes,0.0003,43,0.0,0.9149999916553497,0.0,0.6083333293596903,,,,
vit_b_16,shuffled_attributes,0.0003,44,0.0,0.9099999964237213,0.0,0.625,,,,
clip_vit_b32,baseline,0.001,42,0.0,0.9399999916553498,0.0,0.7916666716337204,,,,
clip_vit_b32,baseline,0.001,43,0.0,0.9249999940395355,0.0,0.825000007947286,,,,
clip_vit_b32,baseline,0.001,44,0.0,0.9349999904632569,0.0,0.8166666726271311,,,,
clip_vit_b32,region_only,0.001,42,0.0,0.9399999916553498,0.0,0.7916666666666666,,,,
clip_vit_b32,region_only,0.001,43,0.0,0.9399999916553498,0.0,0.7750000009934107,,,,
clip_vit_b32,region_only,0.001,44,0.0,0.9399999916553498,0.0,0.8083333373069763,,,,
clip_vit_b32,ag_aux,0.0003,42,0.016666666915019352,0.949999988079071,0.03275862116229307,0.9083333214124044,0.9083333611488342,0,0.9083333611488342,0
clip_vit_b32,ag_aux,0.0003,43,0.008333333457509676,0.9499999940395355,0.016521739373585677,0.8999999860922495,0.8999999761581421,1,0.8999999761581421,1
clip_vit_b32,ag_aux,0.0003,44,0.025000000993410747,0.9449999928474426,0.04871134208241106,0.9083333214124044,0.9166666865348816,1,0.9083333611488342,0
clip_vit_b32,shuffled_attributes,0.001,42,0.0,0.9449999868869782,0.0,0.7333333417773247,,,,
clip_vit_b32,shuffled_attributes,0.001,43,0.0,0.9399999916553498,0.0,0.8083333373069763,,,,
clip_vit_b32,shuffled_attributes,0.001,44,0.0,0.9449999868869782,0.0,0.7249999940395355,,,,
